Workbook

Sheet 1. Assumptions
B1: 🎯 DEEPAK POD | JUNE 2026 TARGET MODEL — Assumptions & Parameters
B2: COLOUR KEY: BLUE TEXT = Input — change freely | BLACK = Formula (auto) | AMBER BG = Estimate/Historical | GREEN BG = On Track | RED BG = Alert / Shortfall
B4: SECTION A — THE GOAL (June 2026)
B5: Parameter | C5: Value | D5: Notes
B6: Net PO Target (₹L) | C6: 100 | D6: Goal: 1 Crore Net PO for June
B7: Exit Budget — max (₹L) | C7: 5 | D7: CC closures + Resignations + PO closures: keep under 5L
B8: Gross PO Needed (₹L) | C8: =C6+C7 -> 105 | D8: Gross PO = Net Target + Exit Budget (auto-calculated)
B9: Working Days — June | C9: 22 | D9: Mon-Fri June 1-30 (adjust here if there are holidays)
B10: Target Selects / Month | C10: 50 | D10: About 2.5 selects per working day across all customers
B11: Sel -> Onboard Rate (%) | C11: 0.8 | D11: Historical: 80% of selects actually onboard
B12: Target Onboards / Month | C12: =C11*C10 -> 40 | D12: Onboards = Selects multiplied by OB Rate (auto)
B13: Avg PO per OB — blended (Rs L) | C13: =C8/C12 -> 2.625 | D13: Gross PO Needed divided by total OBs (auto)
B14: Repeat Demand % (global) | C14: 0.8 | D14: 80% of demands are REPEAT roles (same profile, known JD) — submit 3-4 profiles directly. 20% are NEW demands — submit 2 first, wait for client validation, then send 2 more. Change this % if your customer mix shifts.
B15: Revenue Model OBs (from customer build) | C15: =SUM(G25:G29) -> 60 | D15: =IF(SUM(G25:G29)=C12,"Consistent with top-down target","WARNING: Revenue build needs "&SUM(G25:G29)&" OBs but top-down target (C12) = "&C12&" OBs. Update C10 to "&CEILING(SUM(G25:G29)/C11,1)&" selects to align.") -> WARNING: Revenue build needs 60 OBs but top-down target (C12) = 40 OBs. Update C10 to 75 selects to align.
B16: Revenue Model Selects Needed | C16: =CEILING(SUM(G25:G29)/C11,1) -> 75 | D16: Compare this to C10 (Target Selects). If different, the revenue targets and the select target are inconsistent — update C10 to match.
B23: SECTION B — CUSTOMER TARGETS (June 2026 | All ₹ in Lakhs)
B24: Customer | C24: Net PO Target ₹L | D24: Exit Alloc ₹L | E24: Gross PO Target ₹L | F24: Avg PO per OB ₹L | G24: OBs Needed | H24: Selects Needed | I24: Daily Selects | J24: Daily OBs | K24: May Carry- Fwd OBs
B25: Deloitte MB | C25: 40 | D25: 1.5 | E25: =C25+D25 -> 41.5 | F25: 1.52 | G25: =IFERROR(CEILING(E25/F25,1),0) -> 28 | H25: =IFERROR(CEILING(G25/C$11,1),0) -> 35 | I25: =IFERROR(ROUND(H25/C$9,2),0) -> 1.59 | J25: =IFERROR(ROUND(G25/C$9,2),0) -> 1.27 | K25: 2
B26: DTICI | C26: 25 | D26: 1.5 | E26: =C26+D26 -> 26.5 | F26: 1.8 | G26: =IFERROR(CEILING(E26/F26,1),0) -> 15 | H26: =IFERROR(CEILING(G26/C$11,1),0) -> 19 | I26: =IFERROR(ROUND(H26/C$9,2),0) -> 0.86 | J26: =IFERROR(ROUND(G26/C$9,2),0) -> 0.68 | K26: 2
B27: BSH | C27: 20 | D27: 1 | E27: =C27+D27 -> 21 | F27: 2.61 | G27: =IFERROR(CEILING(E27/F27,1),0) -> 9 | H27: =IFERROR(CEILING(G27/C$11,1),0) -> 12 | I27: =IFERROR(ROUND(H27/C$9,2),0) -> 0.55 | J27: =IFERROR(ROUND(G27/C$9,2),0) -> 0.41 | K27: 1
B28: Arcelor Mittal | C28: 10 | D28: 0.5 | E28: =C28+D28 -> 10.5 | F28: 3.23 | G28: =IFERROR(CEILING(E28/F28,1),0) -> 4 | H28: =IFERROR(CEILING(G28/C$11,1),0) -> 5 | I28: =IFERROR(ROUND(H28/C$9,2),0) -> 0.23 | J28: =IFERROR(ROUND(G28/C$9,2),0) -> 0.18 | K28: 1
B29: Pure Storage | C29: 5 | D29: 0.5 | E29: =C29+D29 -> 5.5 | F29: 1.5 | G29: =IFERROR(CEILING(E29/F29,1),0) -> 4 | H29: =IFERROR(CEILING(G29/C$11,1),0) -> 5 | I29: =IFERROR(ROUND(H29/C$9,2),0) -> 0.23 | J29: =IFERROR(ROUND(G29/C$9,2),0) -> 0.18 | K29: 0
B30: TOTAL | C30: =SUM(C25:C29) -> 100 | D30: =SUM(D25:D29) -> 5 | E30: =SUM(E25:E29) -> 105 | F30: ↑ Check ≈ blended avg | G30: =SUM(G25:G29) -> 60 | H30: =SUM(H25:H29) -> 76 | I30: =SUM(I25:I29) -> 3.46 | J30: =SUM(J25:J29) -> 2.72 | K30: =SUM(K25:K29) -> 6
B33: SECTION B2 — DEMAND CLASSIFICATION (This drives Submissions. Change the blue cells. Repeat = familiar roles, submit 3-4 directly. New = first-time roles, submit 2, wait for validation, then 2 more.)
B34: Customer | C34: Open Demand Pool — June ✏️ | D34: Repeat Demand % ✏️ | E34: Subs / Repeat Demand ✏️ | F34: Subs / New Phase 1 ✏️ | G34: Subs / New Phase 2 (after validation) ✏️ | H34: Avg Subs / Demand (auto) | I34: Monthly Subs Target (auto) | J34: Daily Subs Target (auto) | K34: Target Interviews / Day ✏️ ← SET THIS | L34: Monthly Interviews (auto = J × WD)
B35: Deloitte MB | C35: 250 | D35: 0.8 | E35: 4 | F35: 2 | G35: 2 | H35: =ROUND(D35*E35+(1-D35)*(F35+G35),1) -> 4 | I35: =CEILING(C35*H35,1) -> 1000 | J35: =CEILING(I35/C$9,1) -> 46 | K35: 20 | L35: =K35*C$9 -> 440
B36: DTICI | C36: 200 | D36: 0.8 | E36: 4 | F36: 2 | G36: 2 | H36: =ROUND(D36*E36+(1-D36)*(F36+G36),1) -> 4 | I36: =CEILING(C36*H36,1) -> 800 | J36: =CEILING(I36/C$9,1) -> 37 | K36: 14 | L36: =K36*C$9 -> 308
B37: BSH | C37: 60 | D37: 0.8 | E37: 4 | F37: 2 | G37: 2 | H37: =ROUND(D37*E37+(1-D37)*(F37+G37),1) -> 4 | I37: =CEILING(C37*H37,1) -> 240 | J37: =CEILING(I37/C$9,1) -> 11 | K37: 7 | L37: =K37*C$9 -> 154
B38: Arcelor Mittal | C38: 50 | D38: 0.8 | E38: 4 | F38: 2 | G38: 2 | H38: =ROUND(D38*E38+(1-D38)*(F38+G38),1) -> 4 | I38: =CEILING(C38*H38,1) -> 200 | J38: =CEILING(I38/C$9,1) -> 10 | K38: 5 | L38: =K38*C$9 -> 110
B39: Pure Storage | C39: 25 | D39: 0.8 | E39: 4 | F39: 2 | G39: 2 | H39: =ROUND(D39*E39+(1-D39)*(F39+G39),1) -> 4 | I39: =CEILING(C39*H39,1) -> 100 | J39: =CEILING(I39/C$9,1) -> 5 | K39: 4 | L39: =K39*C$9 -> 88
B40: TOTAL | C40: =SUM(C35:C39) -> 585 | I40: =SUM(I35:I39) -> 2340 | J40: =SUM(J35:J39) -> 109 | K40: =SUM(K35:K39) -> 50 | L40: =SUM(L35:L39) -> 1100 | M40: Total interviews/day should be 50-55. Sub total should be close to recruiter capacity (16x6=96/day).
B43: SECTION C — FUNNEL ASSUMPTIONS (Interviews come from Section B2 direct target. Sub->Int% TARGET below is now a REQUIRED RATE — the rate the team must hit to generate those interviews from subs.)
B44: Customer | C44: Sub->Interview 6M Historical | D44: Sub->Interview Required Rate (auto-calculated) | E44: Interview->Select 6M Historical | F44: Interview->Select June TARGET ✏️ | G44: Sel->OB TAT Historical (days) | H44: Sel->OB TAT June TARGET ✏️ | I44: Screen Reject Rate (est.) ✏️ | J44: Monthly Subs (from Demand Pool) | K44: Monthly Interviews (from B2 direct target) | L44: Expected Selects from Demand Subs
B45: Deloitte MB | C45: 0.26 | D45: =IFERROR(ROUND('1. Assumptions'!L35/'1. Assumptions'!I35,3),0) -> 0.44 | E45: 0.048 | F45: 0.08 | G45: 11 | H45: 8 | I45: 0.4 | J45: ='1. Assumptions'!I35 -> 1000 | K45: ='1. Assumptions'!L35 -> 440 | L45: =IFERROR(FLOOR(K45*F45,1),0) -> 35
B46: DTICI | C46: 0.177 | D46: =IFERROR(ROUND('1. Assumptions'!L36/'1. Assumptions'!I36,3),0) -> 0.385 | E46: 0.154 | F46: 0.18 | G46: 9 | H46: 7 | I46: 0.35 | J46: ='1. Assumptions'!I36 -> 800 | K46: ='1. Assumptions'!L36 -> 308 | L46: =IFERROR(FLOOR(K46*F46,1),0) -> 55
B47: BSH | C47: 0.347 | D47: =IFERROR(ROUND('1. Assumptions'!L37/'1. Assumptions'!I37,3),0) -> 0.642 | E47: 0.059 | F47: 0.1 | G47: 8 | H47: 6 | I47: 0.3 | J47: ='1. Assumptions'!I37 -> 240 | K47: ='1. Assumptions'!L37 -> 154 | L47: =IFERROR(FLOOR(K47*F47,1),0) -> 15
B48: Arcelor Mittal | C48: 0.106 | D48: =IFERROR(ROUND('1. Assumptions'!L38/'1. Assumptions'!I38,3),0) -> 0.55 | E48: 0.043 | F48: 0.07 | G48: 16 | H48: 12 | I48: 0.45 | J48: ='1. Assumptions'!I38 -> 200 | K48: ='1. Assumptions'!L38 -> 110 | L48: =IFERROR(FLOOR(K48*F48,1),0) -> 7
B49: Pure Storage | C49: 0.2 | D49: =IFERROR(ROUND('1. Assumptions'!L39/'1. Assumptions'!I39,3),0) -> 0.88 | E49: 0.05 | F49: 0.08 | G49: 12 | H49: 10 | I49: 0.4 | J49: ='1. Assumptions'!I39 -> 100 | K49: ='1. Assumptions'!L39 -> 88 | L49: =IFERROR(FLOOR(K49*F49,1),0) -> 7
B53: SECTION D — RECRUITER SETUP (16 Recruiters | Target 6 Submissions / Recruiter / Day)
B54: Recruiter Name | C54: Subs/Day Target ✏️ | D54: Primary Customer ✏️ | E54: Secondary Customer ✏️ | F54: Monthly Subs Target (=Target×WD) | G54: Notes
B55: A Arun Kumar | C55: 6 | D55: Deloitte MB | E55: DTICI | F55: =C55*C$9 -> 132 | G55: DLs validate profiles — DLs NOT counted in submission targets
B56: Aishwarya | C56: 6 | D56: Deloitte MB | E56: BSH | F56: =C56*C$9 -> 132 | G56: DLs validate profiles — DLs NOT counted in submission targets
B57: Akula Swathi | C57: 6 | D57: Deloitte MB | E57: BSH | F57: =C57*C$9 -> 132 | G57: DLs validate profiles — DLs NOT counted in submission targets
B58: Aravindhan | C58: 6 | D58: DTICI | E58: Deloitte MB | F58: =C58*C$9 -> 132 | G58: DLs validate profiles — DLs NOT counted in submission targets
B59: G Rekha | C59: 6 | D59: DTICI | E59: Arcelor Mittal | F59: =C59*C$9 -> 132 | G59: DLs validate profiles — DLs NOT counted in submission targets
B60: Gopal | C60: 6 | D60: BSH | E60: DTICI | F60: =C60*C$9 -> 132 | G60: DLs validate profiles — DLs NOT counted in submission targets
B61: Harish | C61: 6 | D61: BSH | E61: Arcelor Mittal | F61: =C61*C$9 -> 132 | G61: DLs validate profiles — DLs NOT counted in submission targets
B62: Harshitha | C62: 6 | D62: Arcelor Mittal | E62: BSH | F62: =C62*C$9 -> 132 | G62: DLs validate profiles — DLs NOT counted in submission targets
B63: Kiren | C63: 6 | D63: Deloitte MB | E63: DTICI | F63: =C63*C$9 -> 132 | G63: DLs validate profiles — DLs NOT counted in submission targets
B64: Nagalakshmi | C64: 6 | D64: Deloitte MB | E64: Arcelor Mittal | F64: =C64*C$9 -> 132 | G64: DLs validate profiles — DLs NOT counted in submission targets
B65: Nikita | C65: 6 | D65: DTICI | E65: Deloitte MB | F65: =C65*C$9 -> 132 | G65: DLs validate profiles — DLs NOT counted in submission targets
B66: Nithya | C66: 6 | D66: Deloitte MB | E66: DTICI | F66: =C66*C$9 -> 132 | G66: DLs validate profiles — DLs NOT counted in submission targets
... B70: Vyasam Lalith | C70: 6 | D70: Arcelor Mittal | E70: Pure Storage | F70: =C70*C$9 -> 132 | G70: DLs validate profiles — DLs NOT counted in submission targets
B71: TOTAL RECRUITER CAPACITY | C71: =SUM(C55:C70) -> 96 | F71: =SUM(F55:F70) -> 2112
B74: SECTION E — CAPACITY CHECK & ALERTS ⚠️ (Auto-calculated — Do Not Edit)
B75: Customer | C75: Monthly Subs Needed | D75: Monthly Subs Capacity | E75: Subs Surplus/Gap | F75: Daily Interviews Needed | G75: KAMs Available | H75: Interviews / KAM / Day Needed | I75: Status
B76: Deloitte MB | C76: =J45 -> 1000 | D76: =7*6*C$9 -> 924 | E76: =D76-C76 -> -76 | F76: =IFERROR(ROUND(K45/C$9,1),0) -> 20 | G76: =4 -> 4 | H76: =IFERROR(ROUND(F76/G76,1),0) -> 5 | I76: =IF(D76<C76,"⚠️ RECRUITER SHORTFALL — need more subs","✅ OK") -> ⚠️ RECRUITER SHORTFALL — need more subs
B77: DTICI | C77: =J46 -> 800 | D77: =4*6*C$9 -> 528 | E77: =D77-C77 -> -272 | F77: =IFERROR(ROUND(K46/C$9,1),0) -> 14 | G77: =4 -> 4 | H77: =IFERROR(ROUND(F77/G77,1),0) -> 3.5 | I77: =IF(D77<C77,"⚠️ RECRUITER SHORTFALL — need more subs","✅ OK") -> ⚠️ RECRUITER SHORTFALL — need more subs
B78: BSH | C78: =J47 -> 240 | D78: =3*6*C$9 -> 396 | E78: =D78-C78 -> 156 | F78: =IFERROR(ROUND(K47/C$9,1),0) -> 7 | G78: =4 -> 4 | H78: =IFERROR(ROUND(F78/G78,1),0) -> 1.8 | I78: =IF(D78<C78,"⚠️ RECRUITER SHORTFALL — need more subs","✅ OK") -> ✅ OK
B79: Arcelor Mittal | C79: =J48 -> 200 | D79: =2*6*C$9 -> 264 | E79: =D79-C79 -> 64 | F79: =IFERROR(ROUND(K48/C$9,1),0) -> 5 | G79: =4 -> 4 | H79: =IFERROR(ROUND(F79/G79,1),0) -> 1.3 | I79: =IF(D79<C79,"⚠️ RECRUITER SHORTFALL — need more subs","✅ OK") -> ✅ OK
B80: Pure Storage | C80: =J49 -> 100 | D80: =2*6*C$9 -> 264 | E80: =D80-C80 -> 164 | F80: =IFERROR(ROUND(K49/C$9,1),0) -> 4 | G80: =4 -> 4 | H80: =IFERROR(ROUND(F80/G80,1),0) -> 1 | I80: =IF(D80<C80,"⚠️ RECRUITER SHORTFALL — need more subs","✅ OK") -> ✅ OK
B84: SECTION F — 6-MONTH HISTORY (Reference Only — Dec-25 to May-26 | Source: BH Tracker May-26)
B85: Customer | C85: Month | D85: Gross OB HC | E85: Gross OB PO (₹L) | F85: Exit HC | G85: Exit PO (₹L) | H85: Net PO (₹L) | I85: Subs | J85: Interviews | K85: Selections | L85: Sub→Int %
B86: Deloitte MB | C86: Dec-25 | D86: 0 | E86: 0 | F86: 0 | G86: 0 | H86: 0 | I86: 0 | J86: 0 | K86: 0
B87: Deloitte MB | C87: Jan-26 | D87: 0 | E87: 0 | F87: 0 | G87: 0 | H87: 0 | I87: 0 | J87: 0 | K87: 0
B88: Deloitte MB | C88: Feb-26 | D88: 1 | E88: 1.15 | F88: 0 | G88: 0 | H88: 1.15 | I88: 0 | J88: 0 | K88: 0
B89: Deloitte MB | C89: Mar-26 | D89: 4 | E89: 5.35 | F89: 0 | G89: 0 | H89: 5.35 | I89: 0 | J89: 0 | K89: 0
B90: Deloitte MB | C90: Apr-26 | D90: 3 | E90: 4.6 | F90: 0 | G90: 0 | H90: 4.6 | I90: 0 | J90: 0 | K90: 0
B91: Deloitte MB | C91: May-26 | D91: 3 | E91: 4.4 | F91: 1 | G91: 1.4 | H91: 3 | I91: 243 | J91: 63 | K91: 3
B92: DTICI | C92: Dec-25 | D92: 0 | E92: 0 | F92: 0 | G92: 0 | H92: 0 | I92: 0 | J92: 0 | K92: 0
B93: DTICI | C93: Jan-26 | D93: 1 | E93: 0.87 | F93: 3 | G93: 6.15 | H93: -5.28 | I93: 0 | J93: 0 | K93: 0
B94: DTICI | C94: Feb-26 | D94: 4 | E94: 8.59 | F94: 1 | G94: 2.31 | H94: 6.28 | I94: 0 | J94: 0 | K94: 0
B95: DTICI | C95: Mar-26 | D95: 1 | E95: 2.4 | F95: 1 | G95: 1.74 | H95: 0.67 | I95: 0 | J95: 0 | K95: 0
B96: DTICI | C96: Apr-26 | D96: 2 | E96: 3.52 | F96: 1 | G96: 1.96 | H96: 1.56 | I96: 0 | J96: 0 | K96: 0
B97: DTICI | C97: May-26 | D97: 4 | E97: 7.03 | F97: 1 | G97: 1.96 | H97: 5.08 | I97: 147 | J97: 26 | K97: 4
... B115: Pure Stor. | C115: May-26 | D115: 0 | E115: 0 | F115: 0 | G115: 0 | H115: 0 | I115: 0 | J115: 0 | K115: 0

Sheet 2. June Daily Rhythm
B1: 📅 DEEPAK POD | JUNE 2026 DAILY TARGET RHYTHM — Updated daily by Deepak / Pod Leads
B2: BLUE = Targets (auto from assumptions) | For each working day: check demands, confirm subs are flowing, interview count, selects, OBs | Front-loaded OBs = May selections that join in June based on TAT
B4: JUNE SUMMARY — TARGET vs PLAN (links to Assumptions Sheet 1)
B5: Metric | C5: TOTAL | D5: Del MB | E5: DTICI | F5: BSH | G5: Arcel | H5: PureStr
B6: Monthly Subs Needed | C6: =D6+E6+F6+G6+H6 -> 2340 | D6: ='1. Assumptions'!J45 -> 1000 | E6: ='1. Assumptions'!J46 -> 800 | F6: ='1. Assumptions'!J47 -> 240 | G6: ='1. Assumptions'!J48 -> 200 | H6: ='1. Assumptions'!J49 -> 100
B7: Monthly Interviews Needed | C7: =D7+E7+F7+G7+H7 -> 1100 | D7: ='1. Assumptions'!K45 -> 440 | E7: ='1. Assumptions'!K46 -> 308 | F7: ='1. Assumptions'!K47 -> 154 | G7: ='1. Assumptions'!K48 -> 110 | H7: ='1. Assumptions'!K49 -> 88
B8: Monthly Selects Target | C8: =D8+E8+F8+G8+H8 -> 76 | D8: ='1. Assumptions'!H25 -> 35 | E8: ='1. Assumptions'!H26 -> 19 | F8: ='1. Assumptions'!H27 -> 12 | G8: ='1. Assumptions'!H28 -> 5 | H8: ='1. Assumptions'!H29 -> 5
B9: Monthly Onboards Target | C9: =D9+E9+F9+G9+H9 -> 60 | D9: ='1. Assumptions'!G25 -> 28 | E9: ='1. Assumptions'!G26 -> 15 | F9: ='1. Assumptions'!G27 -> 9 | G9: ='1. Assumptions'!G28 -> 4 | H9: ='1. Assumptions'!G29 -> 4
B12: DAILY TARGET TRACKER — Fill ACTUAL columns daily. Status auto-updates.
B13: Customer / Metric | C13: Monthly Target | D13: 46174 | E13: 46175 | F13: 46176 | G13: 46177 | H13: 46178 | I13: 46181 | J13: 46182 | K13: 46183 | L13: 46184 | M13: 46185 | N13: 46188 | O13: 46189 | P13: 46190 | Q13: 46191 | R13: 46192 | S13: 46195 | T13: 46196 | U13: 46197 | V13: 46198 | W13: 46199 | X13: 46202 | Y13: 46203 | Z13: Jun Total
B14: DELOITTE MB
B15: Demand Pool | C15: ='1. Assumptions'!C35 -> 250 | D15: Repeat 80%: 200 demands x 4 subs = 800 subs | New 20%: 50 demands x (2+2) subs = 200 subs (Phase 1 days 1-11 / Phase 2 days 12-22 after validation)
B16: Subs / Day | C16: ='1. Assumptions'!J45 -> 1000 | D16: =CEILING('1. Assumptions'!J45/'1. Assumptions'!C9,1) -> 46 | E16: =CEILING('1. Assumptions'!J45/'1. Assumptions'!C9,1) -> 46 | F16: =CEILING('1. Assumptions'!J45/'1. Assumptions'!C9,1) -> 46 | G16: =CEILING('1. Assumptions'!J45/'1. Assumptions'!C9,1) -> 46 | H16: =CEILING('1. Assumptions'!J45/'1. Assumptions'!C9,1) -> 46 | I16: =CEILING('1. Assumptions'!J45/'1. Assumptions'!C9,1) -> 46 | J16: =CEILING('1. Assumptions'!J45/'1. Assumptions'!C9,1) -> 46 | K16: =CEILING('1. Assumptions'!J45/'1. Assumptions'!C9,1) -> 46 | L16: =CEILING('1. Assumptions'!J45/'1. Assumptions'!C9,1) -> 46 | M16: =CEILING('1. Assumptions'!J45/'1. Assumptions'!C9,1) -> 46 | N16: =CEILING('1. Assumptions'!J45/'1. Assumptions'!C9,1) -> 46 | O16: =CEILING('1. Assumptions'!J45/'1. Assumptions'!C9,1) -> 46 | P16: =CEILING('1. Assumptions'!J45/'1. Assumptions'!C9,1) -> 46 | Q16: =CEILING('1. Assumptions'!J45/'1. Assumptions'!C9,1) -> 46 | R16: =CEILING('1. Assumptions'!J45/'1. Assumptions'!C9,1) -> 46 | S16: =CEILING('1. Assumptions'!J45/'1. Assumptions'!C9,1) -> 46 | T16: =CEILING('1. Assumptions'!J45/'1. Assumptions'!C9,1) -> 46 | U16: =CEILING('1. Assumptions'!J45/'1. Assumptions'!C9,1) -> 46 | V16: =CEILING('1. Assumptions'!J45/'1. Assumptions'!C9,1) -> 46 | W16: =CEILING('1. Assumptions'!J45/'1. Assumptions'!C9,1) -> 46 | X16: =CEILING('1. Assumptions'!J45/'1. Assumptions'!C9,1) -> 46 | Y16: =CEILING('1. Assumptions'!J45/'1. Assumptions'!C9,1) -> 46 | Z16: =C16 -> 1000
B17: Interviews / Day | C17: ='1. Assumptions'!K45 -> 440 | D17: =CEILING('1. Assumptions'!K45/'1. Assumptions'!C9,1) -> 20 | E17: =CEILING('1. Assumptions'!K45/'1. Assumptions'!C9,1) -> 20 | F17: =CEILING('1. Assumptions'!K45/'1. Assumptions'!C9,1) -> 20 | G17: =CEILING('1. Assumptions'!K45/'1. Assumptions'!C9,1) -> 20 | H17: =CEILING('1. Assumptions'!K45/'1. Assumptions'!C9,1) -> 20 | I17: =CEILING('1. Assumptions'!K45/'1. Assumptions'!C9,1) -> 20 | J17: =CEILING('1. Assumptions'!K45/'1. Assumptions'!C9,1) -> 20 | K17: =CEILING('1. Assumptions'!K45/'1. Assumptions'!C9,1) -> 20 | L17: =CEILING('1. Assumptions'!K45/'1. Assumptions'!C9,1) -> 20 | M17: =CEILING('1. Assumptions'!K45/'1. Assumptions'!C9,1) -> 20 | N17: =CEILING('1. Assumptions'!K45/'1. Assumptions'!C9,1) -> 20 | O17: =CEILING('1. Assumptions'!K45/'1. Assumptions'!C9,1) -> 20 | P17: =CEILING('1. Assumptions'!K45/'1. Assumptions'!C9,1) -> 20 | Q17: =CEILING('1. Assumptions'!K45/'1. Assumptions'!C9,1) -> 20 | R17: =CEILING('1. Assumptions'!K45/'1. Assumptions'!C9,1) -> 20 | S17: =CEILING('1. Assumptions'!K45/'1. Assumptions'!C9,1) -> 20 | T17: =CEILING('1. Assumptions'!K45/'1. Assumptions'!C9,1) -> 20 | U17: =CEILING('1. Assumptions'!K45/'1. Assumptions'!C9,1) -> 20 | V17: =CEILING('1. Assumptions'!K45/'1. Assumptions'!C9,1) -> 20 | W17: =CEILING('1. Assumptions'!K45/'1. Assumptions'!C9,1) -> 20 | X17: =CEILING('1. Assumptions'!K45/'1. Assumptions'!C9,1) -> 20 | Y17: =CEILING('1. Assumptions'!K45/'1. Assumptions'!C9,1) -> 20 | Z17: =C17 -> 440
B18: Selects / Day | C18: ='1. Assumptions'!H25 -> 35 | D18: =CEILING('1. Assumptions'!H25/'1. Assumptions'!C9,1) -> 2 | E18: =CEILING('1. Assumptions'!H25/'1. Assumptions'!C9,1) -> 2 | F18: =CEILING('1. Assumptions'!H25/'1. Assumptions'!C9,1) -> 2 | G18: =CEILING('1. Assumptions'!H25/'1. Assumptions'!C9,1) -> 2 | H18: =CEILING('1. Assumptions'!H25/'1. Assumptions'!C9,1) -> 2 | I18: =CEILING('1. Assumptions'!H25/'1. Assumptions'!C9,1) -> 2 | J18: =CEILING('1. Assumptions'!H25/'1. Assumptions'!C9,1) -> 2 | K18: =CEILING('1. Assumptions'!H25/'1. Assumptions'!C9,1) -> 2 | L18: =CEILING('1. Assumptions'!H25/'1. Assumptions'!C9,1) -> 2 | M18: =CEILING('1. Assumptions'!H25/'1. Assumptions'!C9,1) -> 2 | N18: =CEILING('1. Assumptions'!H25/'1. Assumptions'!C9,1) -> 2 | O18: =CEILING('1. Assumptions'!H25/'1. Assumptions'!C9,1) -> 2 | P18: =CEILING('1. Assumptions'!H25/'1. Assumptions'!C9,1) -> 2 | Q18: =CEILING('1. Assumptions'!H25/'1. Assumptions'!C9,1) -> 2 | R18: =CEILING('1. Assumptions'!H25/'1. Assumptions'!C9,1) -> 2 | S18: =CEILING('1. Assumptions'!H25/'1. Assumptions'!C9,1) -> 2 | T18: =CEILING('1. Assumptions'!H25/'1. Assumptions'!C9,1) -> 2 | U18: =CEILING('1. Assumptions'!H25/'1. Assumptions'!C9,1) -> 2 | V18: =CEILING('1. Assumptions'!H25/'1. Assumptions'!C9,1) -> 2 | W18: =CEILING('1. Assumptions'!H25/'1. Assumptions'!C9,1) -> 2 | X18: =CEILING('1. Assumptions'!H25/'1. Assumptions'!C9,1) -> 2 | Y18: =CEILING('1. Assumptions'!H25/'1. Assumptions'!C9,1) -> 2 | Z18: =C18 -> 35
B19: OBs — Weekly Target (Fridays) | C19: ='1. Assumptions'!G25 -> 28 | D19: · | E19: · | F19: · | G19: · | H19: =ROUND(5/'1. Assumptions'!C9*'1. Assumptions'!G25,0)-ROUND(0/'1. Assumptions'!C9*'1. Assumptions'!G25,0) -> 6 | I19: · | J19: · | K19: · | L19: · | M19: =ROUND(10/'1. Assumptions'!C9*'1. Assumptions'!G25,0)-ROUND(5/'1. Assumptions'!C9*'1. Assumptions'!G25,0) -> 7 | N19: · | O19: · | P19: · | Q19: · | R19: =ROUND(15/'1. Assumptions'!C9*'1. Assumptions'!G25,0)-ROUND(10/'1. Assumptions'!C9*'1. Assumptions'!G25,0) -> 6 | S19: · | T19: · | U19: · | V19: · | W19: =ROUND(20/'1. Assumptions'!C9*'1. Assumptions'!G25,0)-ROUND(15/'1. Assumptions'!C9*'1. Assumptions'!G25,0) -> 6 | X19: · | Y19: =ROUND(22/'1. Assumptions'!C9*'1. Assumptions'!G25,0)-ROUND(20/'1. Assumptions'!C9*'1. Assumptions'!G25,0) -> 3 | Z19: =C19 -> 28
B21: DTICI
B22: Demand Pool | C22: ='1. Assumptions'!C36 -> 200 | D22: Repeat 80%: 160 demands x 4 subs = 640 subs | New 20%: 40 demands x (2+2) subs = 160 subs (Phase 1 days 1-11 / Phase 2 days 12-22 after validation)
B23: Subs / Day | C23: ='1. Assumptions'!J46 -> 800 | D23: =CEILING('1. Assumptions'!J46/'1. Assumptions'!C9,1) -> 37 | E23: =CEILING('1. Assumptions'!J46/'1. Assumptions'!C9,1) -> 37 | F23: =CEILING('1. Assumptions'!J46/'1. Assumptions'!C9,1) -> 37 | G23: =CEILING('1. Assumptions'!J46/'1. Assumptions'!C9,1) -> 37 | H23: =CEILING('1. Assumptions'!J46/'1. Assumptions'!C9,1) -> 37 | I23: =CEILING('1. Assumptions'!J46/'1. Assumptions'!C9,1) -> 37 | J23: =CEILING('1. Assumptions'!J46/'1. Assumptions'!C9,1) -> 37 | K23: =CEILING('1. Assumptions'!J46/'1. Assumptions'!C9,1) -> 37 | L23: =CEILING('1. Assumptions'!J46/'1. Assumptions'!C9,1) -> 37 | M23: =CEILING('1. Assumptions'!J46/'1. Assumptions'!C9,1) -> 37 | N23: =CEILING('1. Assumptions'!J46/'1. Assumptions'!C9,1) -> 37 | O23: =CEILING('1. Assumptions'!J46/'1. Assumptions'!C9,1) -> 37 | P23: =CEILING('1. Assumptions'!J46/'1. Assumptions'!C9,1) -> 37 | Q23: =CEILING('1. Assumptions'!J46/'1. Assumptions'!C9,1) -> 37 | R23: =CEILING('1. Assumptions'!J46/'1. Assumptions'!C9,1) -> 37 | S23: =CEILING('1. Assumptions'!J46/'1. Assumptions'!C9,1) -> 37 | T23: =CEILING('1. Assumptions'!J46/'1. Assumptions'!C9,1) -> 37 | U23: =CEILING('1. Assumptions'!J46/'1. Assumptions'!C9,1) -> 37 | V23: =CEILING('1. Assumptions'!J46/'1. Assumptions'!C9,1) -> 37 | W23: =CEILING('1. Assumptions'!J46/'1. Assumptions'!C9,1) -> 37 | X23: =CEILING('1. Assumptions'!J46/'1. Assumptions'!C9,1) -> 37 | Y23: =CEILING('1. Assumptions'!J46/'1. Assumptions'!C9,1) -> 37 | Z23: =C23 -> 800
B24: Interviews / Day | C24: ='1. Assumptions'!K46 -> 308 | D24: =CEILING('1. Assumptions'!K46/'1. Assumptions'!C9,1) -> 14 | E24: =CEILING('1. Assumptions'!K46/'1. Assumptions'!C9,1) -> 14 | F24: =CEILING('1. Assumptions'!K46/'1. Assumptions'!C9,1) -> 14 | G24: =CEILING('1. Assumptions'!K46/'1. Assumptions'!C9,1) -> 14 | H24: =CEILING('1. Assumptions'!K46/'1. Assumptions'!C9,1) -> 14 | I24: =CEILING('1. Assumptions'!K46/'1. Assumptions'!C9,1) -> 14 | J24: =CEILING('1. Assumptions'!K46/'1. Assumptions'!C9,1) -> 14 | K24: =CEILING('1. Assumptions'!K46/'1. Assumptions'!C9,1) -> 14 | L24: =CEILING('1. Assumptions'!K46/'1. Assumptions'!C9,1) -> 14 | M24: =CEILING('1. Assumptions'!K46/'1. Assumptions'!C9,1) -> 14 | N24: =CEILING('1. Assumptions'!K46/'1. Assumptions'!C9,1) -> 14 | O24: =CEILING('1. Assumptions'!K46/'1. Assumptions'!C9,1) -> 14 | P24: =CEILING('1. Assumptions'!K46/'1. Assumptions'!C9,1) -> 14 | Q24: =CEILING('1. Assumptions'!K46/'1. Assumptions'!C9,1) -> 14 | R24: =CEILING('1. Assumptions'!K46/'1. Assumptions'!C9,1) -> 14 | S24: =CEILING('1. Assumptions'!K46/'1. Assumptions'!C9,1) -> 14 | T24: =CEILING('1. Assumptions'!K46/'1. Assumptions'!C9,1) -> 14 | U24: =CEILING('1. Assumptions'!K46/'1. Assumptions'!C9,1) -> 14 | V24: =CEILING('1. Assumptions'!K46/'1. Assumptions'!C9,1) -> 14 | W24: =CEILING('1. Assumptions'!K46/'1. Assumptions'!C9,1) -> 14 | X24: =CEILING('1. Assumptions'!K46/'1. Assumptions'!C9,1) -> 14 | Y24: =CEILING('1. Assumptions'!K46/'1. Assumptions'!C9,1) -> 14 | Z24: =C24 -> 308
B25: Selects / Day | C25: ='1. Assumptions'!H26 -> 19 | D25: =CEILING('1. Assumptions'!H26/'1. Assumptions'!C9,1) -> 1 | E25: =CEILING('1. Assumptions'!H26/'1. Assumptions'!C9,1) -> 1 | F25: =CEILING('1. Assumptions'!H26/'1. Assumptions'!C9,1) -> 1 | G25: =CEILING('1. Assumptions'!H26/'1. Assumptions'!C9,1) -> 1 | H25: =CEILING('1. Assumptions'!H26/'1. Assumptions'!C9,1) -> 1 | I25: =CEILING('1. Assumptions'!H26/'1. Assumptions'!C9,1) -> 1 | J25: =CEILING('1. Assumptions'!H26/'1. Assumptions'!C9,1) -> 1 | K25: =CEILING('1. Assumptions'!H26/'1. Assumptions'!C9,1) -> 1 | L25: =CEILING('1. Assumptions'!H26/'1. Assumptions'!C9,1) -> 1 | M25: =CEILING('1. Assumptions'!H26/'1. Assumptions'!C9,1) -> 1 | N25: =CEILING('1. Assumptions'!H26/'1. Assumptions'!C9,1) -> 1 | O25: =CEILING('1. Assumptions'!H26/'1. Assumptions'!C9,1) -> 1 | P25: =CEILING('1. Assumptions'!H26/'1. Assumptions'!C9,1) -> 1 | Q25: =CEILING('1. Assumptions'!H26/'1. Assumptions'!C9,1) -> 1 | R25: =CEILING('1. Assumptions'!H26/'1. Assumptions'!C9,1) -> 1 | S25: =CEILING('1. Assumptions'!H26/'1. Assumptions'!C9,1) -> 1 | T25: =CEILING('1. Assumptions'!H26/'1. Assumptions'!C9,1) -> 1 | U25: =CEILING('1. Assumptions'!H26/'1. Assumptions'!C9,1) -> 1 | V25: =CEILING('1. Assumptions'!H26/'1. Assumptions'!C9,1) -> 1 | W25: =CEILING('1. Assumptions'!H26/'1. Assumptions'!C9,1) -> 1 | X25: =CEILING('1. Assumptions'!H26/'1. Assumptions'!C9,1) -> 1 | Y25: =CEILING('1. Assumptions'!H26/'1. Assumptions'!C9,1) -> 1 | Z25: =C25 -> 19
B26: OBs — Weekly Target (Fridays) | C26: ='1. Assumptions'!G26 -> 15 | D26: · | E26: · | F26: · | G26: · | H26: =ROUND(5/'1. Assumptions'!C9*'1. Assumptions'!G26,0)-ROUND(0/'1. Assumptions'!C9*'1. Assumptions'!G26,0) -> 3 | I26: · | J26: · | K26: · | L26: · | M26: =ROUND(10/'1. Assumptions'!C9*'1. Assumptions'!G26,0)-ROUND(5/'1. Assumptions'!C9*'1. Assumptions'!G26,0) -> 4 | N26: · | O26: · | P26: · | Q26: · | R26: =ROUND(15/'1. Assumptions'!C9*'1. Assumptions'!G26,0)-ROUND(10/'1. Assumptions'!C9*'1. Assumptions'!G26,0) -> 3 | S26: · | T26: · | U26: · | V26: · | W26: =ROUND(20/'1. Assumptions'!C9*'1. Assumptions'!G26,0)-ROUND(15/'1. Assumptions'!C9*'1. Assumptions'!G26,0) -> 4 | X26: · | Y26: =ROUND(22/'1. Assumptions'!C9*'1. Assumptions'!G26,0)-ROUND(20/'1. Assumptions'!C9*'1. Assumptions'!G26,0) -> 1 | Z26: =C26 -> 15
B28: BSH
B29: Demand Pool | C29: ='1. Assumptions'!C37 -> 60 | D29: Repeat 80%: 48 demands x 4 subs = 192 subs | New 20%: 12 demands x (2+2) subs = 48 subs (Phase 1 days 1-11 / Phase 2 days 12-22 after validation)
B30: Subs / Day | C30: ='1. Assumptions'!J47 -> 240 | D30: =CEILING('1. Assumptions'!J47/'1. Assumptions'!C9,1) -> 11 | E30: =CEILING('1. Assumptions'!J47/'1. Assumptions'!C9,1) -> 11 | F30: =CEILING('1. Assumptions'!J47/'1. Assumptions'!C9,1) -> 11 | G30: =CEILING('1. Assumptions'!J47/'1. Assumptions'!C9,1) -> 11 | H30: =CEILING('1. Assumptions'!J47/'1. Assumptions'!C9,1) -> 11 | I30: =CEILING('1. Assumptions'!J47/'1. Assumptions'!C9,1) -> 11 | J30: =CEILING('1. Assumptions'!J47/'1. Assumptions'!C9,1) -> 11 | K30: =CEILING('1. Assumptions'!J47/'1. Assumptions'!C9,1) -> 11 | L30: =CEILING('1. Assumptions'!J47/'1. Assumptions'!C9,1) -> 11 | M30: =CEILING('1. Assumptions'!J47/'1. Assumptions'!C9,1) -> 11 | N30: =CEILING('1. Assumptions'!J47/'1. Assumptions'!C9,1) -> 11 | O30: =CEILING('1. Assumptions'!J47/'1. Assumptions'!C9,1) -> 11 | P30: =CEILING('1. Assumptions'!J47/'1. Assumptions'!C9,1) -> 11 | Q30: =CEILING('1. Assumptions'!J47/'1. Assumptions'!C9,1) -> 11 | R30: =CEILING('1. Assumptions'!J47/'1. Assumptions'!C9,1) -> 11 | S30: =CEILING('1. Assumptions'!J47/'1. Assumptions'!C9,1) -> 11 | T30: =CEILING('1. Assumptions'!J47/'1. Assumptions'!C9,1) -> 11 | U30: =CEILING('1. Assumptions'!J47/'1. Assumptions'!C9,1) -> 11 | V30: =CEILING('1. Assumptions'!J47/'1. Assumptions'!C9,1) -> 11 | W30: =CEILING('1. Assumptions'!J47/'1. Assumptions'!C9,1) -> 11 | X30: =CEILING('1. Assumptions'!J47/'1. Assumptions'!C9,1) -> 11 | Y30: =CEILING('1. Assumptions'!J47/'1. Assumptions'!C9,1) -> 11 | Z30: =C30 -> 240
B31: Interviews / Day | C31: ='1. Assumptions'!K47 -> 154 | D31: =CEILING('1. Assumptions'!K47/'1. Assumptions'!C9,1) -> 7 | E31: =CEILING('1. Assumptions'!K47/'1. Assumptions'!C9,1) -> 7 | F31: =CEILING('1. Assumptions'!K47/'1. Assumptions'!C9,1) -> 7 | G31: =CEILING('1. Assumptions'!K47/'1. Assumptions'!C9,1) -> 7 | H31: =CEILING('1. Assumptions'!K47/'1. Assumptions'!C9,1) -> 7 | I31: =CEILING('1. Assumptions'!K47/'1. Assumptions'!C9,1) -> 7 | J31: =CEILING('1. Assumptions'!K47/'1. Assumptions'!C9,1) -> 7 | K31: =CEILING('1. Assumptions'!K47/'1. Assumptions'!C9,1) -> 7 | L31: =CEILING('1. Assumptions'!K47/'1. Assumptions'!C9,1) -> 7 | M31: =CEILING('1. Assumptions'!K47/'1. Assumptions'!C9,1) -> 7 | N31: =CEILING('1. Assumptions'!K47/'1. Assumptions'!C9,1) -> 7 | O31: =CEILING('1. Assumptions'!K47/'1. Assumptions'!C9,1) -> 7 | P31: =CEILING('1. Assumptions'!K47/'1. Assumptions'!C9,1) -> 7 | Q31: =CEILING('1. Assumptions'!K47/'1. Assumptions'!C9,1) -> 7 | R31: =CEILING('1. Assumptions'!K47/'1. Assumptions'!C9,1) -> 7 | S31: =CEILING('1. Assumptions'!K47/'1. Assumptions'!C9,1) -> 7 | T31: =CEILING('1. Assumptions'!K47/'1. Assumptions'!C9,1) -> 7 | U31: =CEILING('1. Assumptions'!K47/'1. Assumptions'!C9,1) -> 7 | V31: =CEILING('1. Assumptions'!K47/'1. Assumptions'!C9,1) -> 7 | W31: =CEILING('1. Assumptions'!K47/'1. Assumptions'!C9,1) -> 7 | X31: =CEILING('1. Assumptions'!K47/'1. Assumptions'!C9,1) -> 7 | Y31: =CEILING('1. Assumptions'!K47/'1. Assumptions'!C9,1) -> 7 | Z31: =C31 -> 154
B32: Selects / Day | C32: ='1. Assumptions'!H27 -> 12 | D32: =CEILING('1. Assumptions'!H27/'1. Assumptions'!C9,1) -> 1 | E32: =CEILING('1. Assumptions'!H27/'1. Assumptions'!C9,1) -> 1 | F32: =CEILING('1. Assumptions'!H27/'1. Assumptions'!C9,1) -> 1 | G32: =CEILING('1. Assumptions'!H27/'1. Assumptions'!C9,1) -> 1 | H32: =CEILING('1. Assumptions'!H27/'1. Assumptions'!C9,1) -> 1 | I32: =CEILING('1. Assumptions'!H27/'1. Assumptions'!C9,1) -> 1 | J32: =CEILING('1. Assumptions'!H27/'1. Assumptions'!C9,1) -> 1 | K32: =CEILING('1. Assumptions'!H27/'1. Assumptions'!C9,1) -> 1 | L32: =CEILING('1. Assumptions'!H27/'1. Assumptions'!C9,1) -> 1 | M32: =CEILING('1. Assumptions'!H27/'1. Assumptions'!C9,1) -> 1 | N32: =CEILING('1. Assumptions'!H27/'1. Assumptions'!C9,1) -> 1 | O32: =CEILING('1. Assumptions'!H27/'1. Assumptions'!C9,1) -> 1 | P32: =CEILING('1. Assumptions'!H27/'1. Assumptions'!C9,1) -> 1 | Q32: =CEILING('1. Assumptions'!H27/'1. Assumptions'!C9,1) -> 1 | R32: =CEILING('1. Assumptions'!H27/'1. Assumptions'!C9,1) -> 1 | S32: =CEILING('1. Assumptions'!H27/'1. Assumptions'!C9,1) -> 1 | T32: =CEILING('1. Assumptions'!H27/'1. Assumptions'!C9,1) -> 1 | U32: =CEILING('1. Assumptions'!H27/'1. Assumptions'!C9,1) -> 1 | V32: =CEILING('1. Assumptions'!H27/'1. Assumptions'!C9,1) -> 1 | W32: =CEILING('1. Assumptions'!H27/'1. Assumptions'!C9,1) -> 1 | X32: =CEILING('1. Assumptions'!H27/'1. Assumptions'!C9,1) -> 1 | Y32: =CEILING('1. Assumptions'!H27/'1. Assumptions'!C9,1) -> 1 | Z32: =C32 -> 12
B33: OBs — Weekly Target (Fridays) | C33: ='1. Assumptions'!G27 -> 9 | D33: · | E33: · | F33: · | G33: · | H33: =ROUND(5/'1. Assumptions'!C9*'1. Assumptions'!G27,0)-ROUND(0/'1. Assumptions'!C9*'1. Assumptions'!G27,0) -> 2 | I33: · | J33: · | K33: · | L33: · | M33: =ROUND(10/'1. Assumptions'!C9*'1. Assumptions'!G27,0)-ROUND(5/'1. Assumptions'!C9*'1. Assumptions'!G27,0) -> 2 | N33: · | O33: · | P33: · | Q33: · | R33: =ROUND(15/'1. Assumptions'!C9*'1. Assumptions'!G27,0)-ROUND(10/'1. Assumptions'!C9*'1. Assumptions'!G27,0) -> 2 | S33: · | T33: · | U33: · | V33: · | W33: =ROUND(20/'1. Assumptions'!C9*'1. Assumptions'!G27,0)-ROUND(15/'1. Assumptions'!C9*'1. Assumptions'!G27,0) -> 2 | X33: · | Y33: =ROUND(22/'1. Assumptions'!C9*'1. Assumptions'!G27,0)-ROUND(20/'1. Assumptions'!C9*'1. Assumptions'!G27,0) -> 1 | Z33: =C33 -> 9
B35: ARCELOR MITTAL
B36: Demand Pool | C36: ='1. Assumptions'!C38 -> 50 | D36: Repeat 80%: 40 demands x 4 subs = 160 subs | New 20%: 10 demands x (2+2) subs = 40 subs (Phase 1 days 1-11 / Phase 2 days 12-22 after validation)
B37: Subs / Day | C37: ='1. Assumptions'!J48 -> 200 | D37: =CEILING('1. Assumptions'!J48/'1. Assumptions'!C9,1) -> 10 | E37: =CEILING('1. Assumptions'!J48/'1. Assumptions'!C9,1) -> 10 | F37: =CEILING('1. Assumptions'!J48/'1. Assumptions'!C9,1) -> 10 | G37: =CEILING('1. Assumptions'!J48/'1. Assumptions'!C9,1) -> 10 | H37: =CEILING('1. Assumptions'!J48/'1. Assumptions'!C9,1) -> 10 | I37: =CEILING('1. Assumptions'!J48/'1. Assumptions'!C9,1) -> 10 | J37: =CEILING('1. Assumptions'!J48/'1. Assumptions'!C9,1) -> 10 | K37: =CEILING('1. Assumptions'!J48/'1. Assumptions'!C9,1) -> 10 | L37: =CEILING('1. Assumptions'!J48/'1. Assumptions'!C9,1) -> 10 | M37: =CEILING('1. Assumptions'!J48/'1. Assumptions'!C9,1) -> 10 | N37: =CEILING('1. Assumptions'!J48/'1. Assumptions'!C9,1) -> 10 | O37: =CEILING('1. Assumptions'!J48/'1. Assumptions'!C9,1) -> 10 | P37: =CEILING('1. Assumptions'!J48/'1. Assumptions'!C9,1) -> 10 | Q37: =CEILING('1. Assumptions'!J48/'1. Assumptions'!C9,1) -> 10 | R37: =CEILING('1. Assumptions'!J48/'1. Assumptions'!C9,1) -> 10 | S37: =CEILING('1. Assumptions'!J48/'1. Assumptions'!C9,1) -> 10 | T37: =CEILING('1. Assumptions'!J48/'1. Assumptions'!C9,1) -> 10 | U37: =CEILING('1. Assumptions'!J48/'1. Assumptions'!C9,1) -> 10 | V37: =CEILING('1. Assumptions'!J48/'1. Assumptions'!C9,1) -> 10 | W37: =CEILING('1. Assumptions'!J48/'1. Assumptions'!C9,1) -> 10 | X37: =CEILING('1. Assumptions'!J48/'1. Assumptions'!C9,1) -> 10 | Y37: =CEILING('1. Assumptions'!J48/'1. Assumptions'!C9,1) -> 10 | Z37: =C37 -> 200
B38: Interviews / Day | C38: ='1. Assumptions'!K48 -> 110 | D38: =CEILING('1. Assumptions'!K48/'1. Assumptions'!C9,1) -> 5 | E38: =CEILING('1. Assumptions'!K48/'1. Assumptions'!C9,1) -> 5 | F38: =CEILING('1. Assumptions'!K48/'1. Assumptions'!C9,1) -> 5 | G38: =CEILING('1. Assumptions'!K48/'1. Assumptions'!C9,1) -> 5 | H38: =CEILING('1. Assumptions'!K48/'1. Assumptions'!C9,1) -> 5 | I38: =CEILING('1. Assumptions'!K48/'1. Assumptions'!C9,1) -> 5 | J38: =CEILING('1. Assumptions'!K48/'1. Assumptions'!C9,1) -> 5 | K38: =CEILING('1. Assumptions'!K48/'1. Assumptions'!C9,1) -> 5 | L38: =CEILING('1. Assumptions'!K48/'1. Assumptions'!C9,1) -> 5 | M38: =CEILING('1. Assumptions'!K48/'1. Assumptions'!C9,1) -> 5 | N38: =CEILING('1. Assumptions'!K48/'1. Assumptions'!C9,1) -> 5 | O38: =CEILING('1. Assumptions'!K48/'1. Assumptions'!C9,1) -> 5 | P38: =CEILING('1. Assumptions'!K48/'1. Assumptions'!C9,1) -> 5 | Q38: =CEILING('1. Assumptions'!K48/'1. Assumptions'!C9,1) -> 5 | R38: =CEILING('1. Assumptions'!K48/'1. Assumptions'!C9,1) -> 5 | S38: =CEILING('1. Assumptions'!K48/'1. Assumptions'!C9,1) -> 5 | T38: =CEILING('1. Assumptions'!K48/'1. Assumptions'!C9,1) -> 5 | U38: =CEILING('1. Assumptions'!K48/'1. Assumptions'!C9,1) -> 5 | V38: =CEILING('1. Assumptions'!K48/'1. Assumptions'!C9,1) -> 5 | W38: =CEILING('1. Assumptions'!K48/'1. Assumptions'!C9,1) -> 5 | X38: =CEILING('1. Assumptions'!K48/'1. Assumptions'!C9,1) -> 5 | Y38: =CEILING('1. Assumptions'!K48/'1. Assumptions'!C9,1) -> 5 | Z38: =C38 -> 110
B39: Selects / Day | C39: ='1. Assumptions'!H28 -> 5 | D39: =CEILING('1. Assumptions'!H28/'1. Assumptions'!C9,1) -> 1 | E39: =CEILING('1. Assumptions'!H28/'1. Assumptions'!C9,1) -> 1 | F39: =CEILING('1. Assumptions'!H28/'1. Assumptions'!C9,1) -> 1 | G39: =CEILING('1. Assumptions'!H28/'1. Assumptions'!C9,1) -> 1 | H39: =CEILING('1. Assumptions'!H28/'1. Assumptions'!C9,1) -> 1 | I39: =CEILING('1. Assumptions'!H28/'1. Assumptions'!C9,1) -> 1 | J39: =CEILING('1. Assumptions'!H28/'1. Assumptions'!C9,1) -> 1 | K39: =CEILING('1. Assumptions'!H28/'1. Assumptions'!C9,1) -> 1 | L39: =CEILING('1. Assumptions'!H28/'1. Assumptions'!C9,1) -> 1 | M39: =CEILING('1. Assumptions'!H28/'1. Assumptions'!C9,1) -> 1 | N39: =CEILING('1. Assumptions'!H28/'1. Assumptions'!C9,1) -> 1 | O39: =CEILING('1. Assumptions'!H28/'1. Assumptions'!C9,1) -> 1 | P39: =CEILING('1. Assumptions'!H28/'1. Assumptions'!C9,1) -> 1 | Q39: =CEILING('1. Assumptions'!H28/'1. Assumptions'!C9,1) -> 1 | R39: =CEILING('1. Assumptions'!H28/'1. Assumptions'!C9,1) -> 1 | S39: =CEILING('1. Assumptions'!H28/'1. Assumptions'!C9,1) -> 1 | T39: =CEILING('1. Assumptions'!H28/'1. Assumptions'!C9,1) -> 1 | U39: =CEILING('1. Assumptions'!H28/'1. Assumptions'!C9,1) -> 1 | V39: =CEILING('1. Assumptions'!H28/'1. Assumptions'!C9,1) -> 1 | W39: =CEILING('1. Assumptions'!H28/'1. Assumptions'!C9,1) -> 1 | X39: =CEILING('1. Assumptions'!H28/'1. Assumptions'!C9,1) -> 1 | Y39: =CEILING('1. Assumptions'!H28/'1. Assumptions'!C9,1) -> 1 | Z39: =C39 -> 5
B40: OBs — Weekly Target (Fridays) | C40: ='1. Assumptions'!G28 -> 4 | D40: · | E40: · | F40: · | G40: · | H40: =ROUND(5/'1. Assumptions'!C9*'1. Assumptions'!G28,0)-ROUND(0/'1. Assumptions'!C9*'1. Assumptions'!G28,0) -> 1 | I40: · | J40: · | K40: · | L40: · | M40: =ROUND(10/'1. Assumptions'!C9*'1. Assumptions'!G28,0)-ROUND(5/'1. Assumptions'!C9*'1. Assumptions'!G28,0) -> 1 | N40: · | O40: · | P40: · | Q40: · | R40: =ROUND(15/'1. Assumptions'!C9*'1. Assumptions'!G28,0)-ROUND(10/'1. Assumptions'!C9*'1. Assumptions'!G28,0) -> 1 | S40: · | T40: · | U40: · | V40: · | W40: =ROUND(20/'1. Assumptions'!C9*'1. Assumptions'!G28,0)-ROUND(15/'1. Assumptions'!C9*'1. Assumptions'!G28,0) -> 1 | X40: · | Y40: =ROUND(22/'1. Assumptions'!C9*'1. Assumptions'!G28,0)-ROUND(20/'1. Assumptions'!C9*'1. Assumptions'!G28,0) -> 0 | Z40: =C40 -> 4
B42: PURE STORAGE
B43: Demand Pool | C43: ='1. Assumptions'!C39 -> 25 | D43: Repeat 80%: 20 demands x 4 subs = 80 subs | New 20%: 5 demands x (2+2) subs = 20 subs (Phase 1 days 1-11 / Phase 2 days 12-22 after validation)
B44: Subs / Day | C44: ='1. Assumptions'!J49 -> 100 | D44: =CEILING('1. Assumptions'!J49/'1. Assumptions'!C9,1) -> 5 | E44: =CEILING('1. Assumptions'!J49/'1. Assumptions'!C9,1) -> 5 | F44: =CEILING('1. Assumptions'!J49/'1. Assumptions'!C9,1) -> 5 | G44: =CEILING('1. Assumptions'!J49/'1. Assumptions'!C9,1) -> 5 | H44: =CEILING('1. Assumptions'!J49/'1. Assumptions'!C9,1) -> 5 | I44: =CEILING('1. Assumptions'!J49/'1. Assumptions'!C9,1) -> 5 | J44: =CEILING('1. Assumptions'!J49/'1. Assumptions'!C9,1) -> 5 | K44: =CEILING('1. Assumptions'!J49/'1. Assumptions'!C9,1) -> 5 | L44: =CEILING('1. Assumptions'!J49/'1. Assumptions'!C9,1) -> 5 | M44: =CEILING('1. Assumptions'!J49/'1. Assumptions'!C9,1) -> 5 | N44: =CEILING('1. Assumptions'!J49/'1. Assumptions'!C9,1) -> 5 | O44: =CEILING('1. Assumptions'!J49/'1. Assumptions'!C9,1) -> 5 | P44: =CEILING('1. Assumptions'!J49/'1. Assumptions'!C9,1) -> 5 | Q44: =CEILING('1. Assumptions'!J49/'1. Assumptions'!C9,1) -> 5 | R44: =CEILING('1. Assumptions'!J49/'1. Assumptions'!C9,1) -> 5 | S44: =CEILING('1. Assumptions'!J49/'1. Assumptions'!C9,1) -> 5 | T44: =CEILING('1. Assumptions'!J49/'1. Assumptions'!C9,1) -> 5 | U44: =CEILING('1. Assumptions'!J49/'1. Assumptions'!C9,1) -> 5 | V44: =CEILING('1. Assumptions'!J49/'1. Assumptions'!C9,1) -> 5 | W44: =CEILING('1. Assumptions'!J49/'1. Assumptions'!C9,1) -> 5 | X44: =CEILING('1. Assumptions'!J49/'1. Assumptions'!C9,1) -> 5 | Y44: =CEILING('1. Assumptions'!J49/'1. Assumptions'!C9,1) -> 5 | Z44: =C44 -> 100
B45: Interviews / Day | C45: ='1. Assumptions'!K49 -> 88 | D45: =CEILING('1. Assumptions'!K49/'1. Assumptions'!C9,1) -> 4 | E45: =CEILING('1. Assumptions'!K49/'1. Assumptions'!C9,1) -> 4 | F45: =CEILING('1. Assumptions'!K49/'1. Assumptions'!C9,1) -> 4 | G45: =CEILING('1. Assumptions'!K49/'1. Assumptions'!C9,1) -> 4 | H45: =CEILING('1. Assumptions'!K49/'1. Assumptions'!C9,1) -> 4 | I45: =CEILING('1. Assumptions'!K49/'1. Assumptions'!C9,1) -> 4 | J45: =CEILING('1. Assumptions'!K49/'1. Assumptions'!C9,1) -> 4 | K45: =CEILING('1. Assumptions'!K49/'1. Assumptions'!C9,1) -> 4 | L45: =CEILING('1. Assumptions'!K49/'1. Assumptions'!C9,1) -> 4 | M45: =CEILING('1. Assumptions'!K49/'1. Assumptions'!C9,1) -> 4 | N45: =CEILING('1. Assumptions'!K49/'1. Assumptions'!C9,1) -> 4 | O45: =CEILING('1. Assumptions'!K49/'1. Assumptions'!C9,1) -> 4 | P45: =CEILING('1. Assumptions'!K49/'1. Assumptions'!C9,1) -> 4 | Q45: =CEILING('1. Assumptions'!K49/'1. Assumptions'!C9,1) -> 4 | R45: =CEILING('1. Assumptions'!K49/'1. Assumptions'!C9,1) -> 4 | S45: =CEILING('1. Assumptions'!K49/'1. Assumptions'!C9,1) -> 4 | T45: =CEILING('1. Assumptions'!K49/'1. Assumptions'!C9,1) -> 4 | U45: =CEILING('1. Assumptions'!K49/'1. Assumptions'!C9,1) -> 4 | V45: =CEILING('1. Assumptions'!K49/'1. Assumptions'!C9,1) -> 4 | W45: =CEILING('1. Assumptions'!K49/'1. Assumptions'!C9,1) -> 4 | X45: =CEILING('1. Assumptions'!K49/'1. Assumptions'!C9,1) -> 4 | Y45: =CEILING('1. Assumptions'!K49/'1. Assumptions'!C9,1) -> 4 | Z45: =C45 -> 88
B46: Selects / Day | C46: ='1. Assumptions'!H29 -> 5 | D46: =CEILING('1. Assumptions'!H29/'1. Assumptions'!C9,1) -> 1 | E46: =CEILING('1. Assumptions'!H29/'1. Assumptions'!C9,1) -> 1 | F46: =CEILING('1. Assumptions'!H29/'1. Assumptions'!C9,1) -> 1 | G46: =CEILING('1. Assumptions'!H29/'1. Assumptions'!C9,1) -> 1 | H46: =CEILING('1. Assumptions'!H29/'1. Assumptions'!C9,1) -> 1 | I46: =CEILING('1. Assumptions'!H29/'1. Assumptions'!C9,1) -> 1 | J46: =CEILING('1. Assumptions'!H29/'1. Assumptions'!C9,1) -> 1 | K46: =CEILING('1. Assumptions'!H29/'1. Assumptions'!C9,1) -> 1 | L46: =CEILING('1. Assumptions'!H29/'1. Assumptions'!C9,1) -> 1 | M46: =CEILING('1. Assumptions'!H29/'1. Assumptions'!C9,1) -> 1 | N46: =CEILING('1. Assumptions'!H29/'1. Assumptions'!C9,1) -> 1 | O46: =CEILING('1. Assumptions'!H29/'1. Assumptions'!C9,1) -> 1 | P46: =CEILING('1. Assumptions'!H29/'1. Assumptions'!C9,1) -> 1 | Q46: =CEILING('1. Assumptions'!H29/'1. Assumptions'!C9,1) -> 1 | R46: =CEILING('1. Assumptions'!H29/'1. Assumptions'!C9,1) -> 1 | S46: =CEILING('1. Assumptions'!H29/'1. Assumptions'!C9,1) -> 1 | T46: =CEILING('1. Assumptions'!H29/'1. Assumptions'!C9,1) -> 1 | U46: =CEILING('1. Assumptions'!H29/'1. Assumptions'!C9,1) -> 1 | V46: =CEILING('1. Assumptions'!H29/'1. Assumptions'!C9,1) -> 1 | W46: =CEILING('1. Assumptions'!H29/'1. Assumptions'!C9,1) -> 1 | X46: =CEILING('1. Assumptions'!H29/'1. Assumptions'!C9,1) -> 1 | Y46: =CEILING('1. Assumptions'!H29/'1. Assumptions'!C9,1) -> 1 | Z46: =C46 -> 5
B47: OBs — Weekly Target (Fridays) | C47: ='1. Assumptions'!G29 -> 4 | D47: · | E47: · | F47: · | G47: · | H47: =ROUND(5/'1. Assumptions'!C9*'1. Assumptions'!G29,0)-ROUND(0/'1. Assumptions'!C9*'1. Assumptions'!G29,0) -> 1 | I47: · | J47: · | K47: · | L47: · | M47: =ROUND(10/'1. Assumptions'!C9*'1. Assumptions'!G29,0)-ROUND(5/'1. Assumptions'!C9*'1. Assumptions'!G29,0) -> 1 | N47: · | O47: · | P47: · | Q47: · | R47: =ROUND(15/'1. Assumptions'!C9*'1. Assumptions'!G29,0)-ROUND(10/'1. Assumptions'!C9*'1. Assumptions'!G29,0) -> 1 | S47: · | T47: · | U47: · | V47: · | W47: =ROUND(20/'1. Assumptions'!C9*'1. Assumptions'!G29,0)-ROUND(15/'1. Assumptions'!C9*'1. Assumptions'!G29,0) -> 1 | X47: · | Y47: =ROUND(22/'1. Assumptions'!C9*'1. Assumptions'!G29,0)-ROUND(20/'1. Assumptions'!C9*'1. Assumptions'!G29,0) -> 0 | Z47: =C47 -> 4
B49: POD DAILY TOTALS — All Customers Combined
B50: Total Subs / Day | C50: =C16+C23+C30+C37+C44 -> 2340 | D50: =D16+D23+D30+D37+D44 -> 109 | E50: =E16+E23+E30+E37+E44 -> 109 | F50: =F16+F23+F30+F37+F44 -> 109 | G50: =G16+G23+G30+G37+G44 -> 109 | H50: =H16+H23+H30+H37+H44 -> 109 | I50: =I16+I23+I30+I37+I44 -> 109 | J50: =J16+J23+J30+J37+J44 -> 109 | ... Y50: =Y16+Y23+Y30+Y37+Y44 -> 109 | Z50: =C50 -> 2340
B51: Total Interviews / Day | C51: =C17+C24+C31+C38+C45 -> 1100 | D51: =D17+D24+D31+D38+D45 -> 50 | E51: =E17+E24+E31+E38+E45 -> 50 | F51: =F17+F24+F31+F38+F45 -> 50 | G51: =G17+G24+G31+G38+G45 -> 50 | H51: =H17+H24+H31+H38+H45 -> 50 | I51: =I17+I24+I31+I38+I45 -> 50 | J51: =J17+J24+J31+J38+J45 -> 50 | ... Y51: =Y17+Y24+Y31+Y38+Y45 -> 50 | Z51: =C51 -> 1100
B52: Total Selects / Day | C52: =C18+C25+C32+C39+C46 -> 76 | D52: =D18+D25+D32+D39+D46 -> 6 | E52: =E18+E25+E32+E39+E46 -> 6 | F52: =F18+F25+F32+F39+F46 -> 6 | G52: =G18+G25+G32+G39+G46 -> 6 | H52: =H18+H25+H32+H39+H46 -> 6 | I52: =I18+I25+I32+I39+I46 -> 6 | J52: =J18+J25+J32+J39+J46 -> 6 | ... Y52: =Y18+Y25+Y32+Y39+Y46 -> 6 | Z52: =C52 -> 76
B53: Total OBs — Weekly Target (Fridays) | C53: =C19+C26+C33+C40+C47 -> 60 | D53: · | E53: · | F53: · | G53: · | H53: =ROUND(5/'1. Assumptions'!C9*(C19+C26+C33+C40+C47),0)-ROUND(0/'1. Assumptions'!C9*(C19+C26+C33+C40+C47),0) -> 14 | I53: · | J53: · | K53: · | L53: · | M53: =ROUND(10/'1. Assumptions'!C9*(C19+C26+C33+C40+C47),0)-ROUND(5/'1. Assumptions'!C9*(C19+C26+C33+C40+C47),0) -> 13 | N53: · | O53: · | P53: · | Q53: · | R53: =ROUND(15/'1. Assumptions'!C9*(C19+C26+C33+C40+C47),0)-ROUND(10/'1. Assumptions'!C9*(C19+C26+C33+C40+C47),0) -> 14 | S53: · | T53: · | U53: · | V53: · | W53: =ROUND(20/'1. Assumptions'!C9*(C19+C26+C33+C40+C47),0)-ROUND(15/'1. Assumptions'!C9*(C19+C26+C33+C40+C47),0) -> 14 | X53: · | Y53: =ROUND(22/'1. Assumptions'!C9*(C19+C26+C33+C40+C47),0)-ROUND(20/'1. Assumptions'!C9*(C19+C26+C33+C40+C47),0) -> 5 | Z53: =C53 -> 60
B54: Select Pace (vs target) | C54: 50 target | D54: =IF(SUM(D52:D52)>=(1/'1. Assumptions'!C9)*'1. Assumptions'!C11,"OK","Low") -> OK | E54: =IF(SUM(D52:E52)>=(2/'1. Assumptions'!C9)*'1. Assumptions'!C11,"OK","Low") -> OK | F54: =IF(SUM(D52:F52)>=(3/'1. Assumptions'!C9)*'1. Assumptions'!C11,"OK","Low") -> OK | G54: =IF(SUM(D52:G52)>=(4/'1. Assumptions'!C9)*'1. Assumptions'!C11,"OK","Low") -> OK | H54: =IF(SUM(D52:H52)>=(5/'1. Assumptions'!C9)*'1. Assumptions'!C11,"OK","Low") -> OK | I54: =IF(SUM(D52:I52)>=(6/'1. Assumptions'!C9)*'1. Assumptions'!C11,"OK","Low") -> OK | J54: =IF(SUM(D52:J52)>=(7/'1. Assumptions'!C9)*'1. Assumptions'!C11,"OK","Low") -> OK | K54: =IF(SUM(D52:K52)>=(8/'1. Assumptions'!C9)*'1. Assumptions'!C11,"OK","Low") -> OK | L54: =IF(SUM(D52:L52)>=(9/'1. Assumptions'!C9)*'1. Assumptions'!C11,"OK","Low") -> OK | M54: =IF(SUM(D52:M52)>=(10/'1. Assumptions'!C9)*'1. Assumptions'!C11,"OK","Low") -> OK | N54: =IF(SUM(D52:N52)>=(11/'1. Assumptions'!C9)*'1. Assumptions'!C11,"OK","Low") -> OK | O54: =IF(SUM(D52:O52)>=(12/'1. Assumptions'!C9)*'1. Assumptions'!C11,"OK","Low") -> OK | P54: =IF(SUM(D52:P52)>=(13/'1. Assumptions'!C9)*'1. Assumptions'!C11,"OK","Low") -> OK | Q54: =IF(SUM(D52:Q52)>=(14/'1. Assumptions'!C9)*'1. Assumptions'!C11,"OK","Low") -> OK | R54: =IF(SUM(D52:R52)>=(15/'1. Assumptions'!C9)*'1. Assumptions'!C11,"OK","Low") -> OK | S54: =IF(SUM(D52:S52)>=(16/'1. Assumptions'!C9)*'1. Assumptions'!C11,"OK","Low") -> OK | T54: =IF(SUM(D52:T52)>=(17/'1. Assumptions'!C9)*'1. Assumptions'!C11,"OK","Low") -> OK | U54: =IF(SUM(D52:U52)>=(18/'1. Assumptions'!C9)*'1. Assumptions'!C11,"OK","Low") -> OK | V54: =IF(SUM(D52:V52)>=(19/'1. Assumptions'!C9)*'1. Assumptions'!C11,"OK","Low") -> OK | W54: =IF(SUM(D52:W52)>=(20/'1. Assumptions'!C9)*'1. Assumptions'!C11,"OK","Low") -> OK | X54: =IF(SUM(D52:X52)>=(21/'1. Assumptions'!C9)*'1. Assumptions'!C11,"OK","Low") -> OK | Y54: =IF(SUM(D52:Y52)>=(22/'1. Assumptions'!C9)*'1. Assumptions'!C11,"OK","Low") -> OK | Z54: check daily
B56: RECRUITER CAPACITY CHECK — Change 'Subs/Rec/Day' or '# Recruiters' to model staffing scenarios
B57: Subs / Recruiter / Day (change me) | D57: 6 | E57: Number of Recruiters (change me) | H57: 16
B58: Total Subs Needed / Day | D58: =D50 -> 109 | E58: =E50 -> 109 | F58: =F50 -> 109 | G58: =G50 -> 109 | H58: =H50 -> 109 | I58: =I50 -> 109 | J58: =J50 -> 109 | K58: =K50 -> 109 | ... Y58: =Y50 -> 109 | Z58: =SUM(D58:Y58) -> 2398
B59: Recruiter Capacity / Day | D59: =$D$57*$H$57 -> 96 | E59: =$D$57*$H$57 -> 96 | F59: =$D$57*$H$57 -> 96 | G59: =$D$57*$H$57 -> 96 | H59: =$D$57*$H$57 -> 96 | I59: =$D$57*$H$57 -> 96 | J59: =$D$57*$H$57 -> 96 | K59: =$D$57*$H$57 -> 96 | ... Y59: =$D$57*$H$57 -> 96 | Z59: =SUM(D59:Y59) -> 2112
B60: Gap (+ = spare / - = shortfall) | D60: =$D$57*$H$57-D50 -> -13 | E60: =$D$57*$H$57-E50 -> -13 | F60: =$D$57*$H$57-F50 -> -13 | G60: =$D$57*$H$57-G50 -> -13 | H60: =$D$57*$H$57-H50 -> -13 | I60: =$D$57*$H$57-I50 -> -13 | J60: =$D$57*$H$57-J50 -> -13 | K60: =$D$57*$H$57-K50 -> -13 | ... Y60: =$D$57*$H$57-Y50 -> -13 | Z60: =SUM(D60:Y60) -> -286
B61: Additional Recruiters Needed | D61: =IF(D60>=0,0,CEILING(ABS(D60)/$D$57,1)) -> 3 | E61: =IF(E60>=0,0,CEILING(ABS(E60)/$D$57,1)) -> 3 | F61: =IF(F60>=0,0,CEILING(ABS(F60)/$D$57,1)) -> 3 | G61: =IF(G60>=0,0,CEILING(ABS(G60)/$D$57,1)) -> 3 | H61: =IF(H60>=0,0,CEILING(ABS(H60)/$D$57,1)) -> 3 | I61: =IF(I60>=0,0,CEILING(ABS(I60)/$D$57,1)) -> 3 | J61: =IF(J60>=0,0,CEILING(ABS(J60)/$D$57,1)) -> 3 | K61: =IF(K60>=0,0,CEILING(ABS(K60)/$D$57,1)) -> 3 | ... Y61: =IF(Y60>=0,0,CEILING(ABS(Y60)/$D$57,1)) -> 3 | Z61: =MAX(D61:Y61) -> 3
B62: Status | D62: =IF(D60>=0,"OK +"&TEXT(D60,"0")&" spare","SHORT need "&TEXT(D61,"0")&" more") -> SHORT need 3 more | E62: =IF(E60>=0,"OK +"&TEXT(E60,"0")&" spare","SHORT need "&TEXT(E61,"0")&" more") -> SHORT need 3 more | F62: =IF(F60>=0,"OK +"&TEXT(F60,"0")&" spare","SHORT need "&TEXT(F61,"0")&" more") -> SHORT need 3 more | G62: =IF(G60>=0,"OK +"&TEXT(G60,"0")&" spare","SHORT need "&TEXT(G61,"0")&" more") -> SHORT need 3 more | H62: =IF(H60>=0,"OK +"&TEXT(H60,"0")&" spare","SHORT need "&TEXT(H61,"0")&" more") -> SHORT need 3 more | I62: =IF(I60>=0,"OK +"&TEXT(I60,"0")&" spare","SHORT need "&TEXT(I61,"0")&" more") -> SHORT need 3 more | J62: =IF(J60>=0,"OK +"&TEXT(J60,"0")&" spare","SHORT need "&TEXT(J61,"0")&" more") -> SHORT need 3 more | K62: =IF(K60>=0,"OK +"&TEXT(K60,"0")&" spare","SHORT need "&TEXT(K61,"0")&" more") -> SHORT need 3 more | ... Y62: =IF(Y60>=0,"OK +"&TEXT(Y60,"0")&" spare","SHORT need "&TEXT(Y61,"0")&" more") -> SHORT need 3 more | Z62: see daily
B64: KAM INTERVIEW CAPACITY CHECK — Change 'Interviews/KAM/Day' or '# KAMs' to model coverage scenarios
B65: Interviews / KAM / Day (change me) | D65: 12 | E65: Number of KAMs (change me) | H65: 4
B66: Per-Customer Interview Targets (derived from Subs x Sub->Int% in Assumptions)
B67: Deloitte MB | C67: ='1. Assumptions'!K45 -> 440 | D67: =CEILING('1. Assumptions'!K45/'1. Assumptions'!C9,1) -> 20 | E67: =CEILING('1. Assumptions'!K45/'1. Assumptions'!C9,1) -> 20 | F67: =CEILING('1. Assumptions'!K45/'1. Assumptions'!C9,1) -> 20 | G67: =CEILING('1. Assumptions'!K45/'1. Assumptions'!C9,1) -> 20 | H67: =CEILING('1. Assumptions'!K45/'1. Assumptions'!C9,1) -> 20 | I67: =CEILING('1. Assumptions'!K45/'1. Assumptions'!C9,1) -> 20 | J67: =CEILING('1. Assumptions'!K45/'1. Assumptions'!C9,1) -> 20 | K67: =CEILING('1. Assumptions'!K45/'1. Assumptions'!C9,1) -> 20 | L67: =CEILING('1. Assumptions'!K45/'1. Assumptions'!C9,1) -> 20 | M67: =CEILING('1. Assumptions'!K45/'1. Assumptions'!C9,1) -> 20 | N67: =CEILING('1. Assumptions'!K45/'1. Assumptions'!C9,1) -> 20 | O67: =CEILING('1. Assumptions'!K45/'1. Assumptions'!C9,1) -> 20 | P67: =CEILING('1. Assumptions'!K45/'1. Assumptions'!C9,1) -> 20 | Q67: =CEILING('1. Assumptions'!K45/'1. Assumptions'!C9,1) -> 20 | R67: =CEILING('1. Assumptions'!K45/'1. Assumptions'!C9,1) -> 20 | S67: =CEILING('1. Assumptions'!K45/'1. Assumptions'!C9,1) -> 20 | T67: =CEILING('1. Assumptions'!K45/'1. Assumptions'!C9,1) -> 20 | U67: =CEILING('1. Assumptions'!K45/'1. Assumptions'!C9,1) -> 20 | V67: =CEILING('1. Assumptions'!K45/'1. Assumptions'!C9,1) -> 20 | W67: =CEILING('1. Assumptions'!K45/'1. Assumptions'!C9,1) -> 20 | X67: =CEILING('1. Assumptions'!K45/'1. Assumptions'!C9,1) -> 20 | Y67: =CEILING('1. Assumptions'!K45/'1. Assumptions'!C9,1) -> 20 | Z67: =SUM(D67:Y67) -> 440
B68: DTICI | C68: ='1. Assumptions'!K46 -> 308 | D68: =CEILING('1. Assumptions'!K46/'1. Assumptions'!C9,1) -> 14 | E68: =CEILING('1. Assumptions'!K46/'1. Assumptions'!C9,1) -> 14 | F68: =CEILING('1. Assumptions'!K46/'1. Assumptions'!C9,1) -> 14 | G68: =CEILING('1. Assumptions'!K46/'1. Assumptions'!C9,1) -> 14 | H68: =CEILING('1. Assumptions'!K46/'1. Assumptions'!C9,1) -> 14 | I68: =CEILING('1. Assumptions'!K46/'1. Assumptions'!C9,1) -> 14 | J68: =CEILING('1. Assumptions'!K46/'1. Assumptions'!C9,1) -> 14 | K68: =CEILING('1. Assumptions'!K46/'1. Assumptions'!C9,1) -> 14 | L68: =CEILING('1. Assumptions'!K46/'1. Assumptions'!C9,1) -> 14 | M68: =CEILING('1. Assumptions'!K46/'1. Assumptions'!C9,1) -> 14 | N68: =CEILING('1. Assumptions'!K46/'1. Assumptions'!C9,1) -> 14 | O68: =CEILING('1. Assumptions'!K46/'1. Assumptions'!C9,1) -> 14 | P68: =CEILING('1. Assumptions'!K46/'1. Assumptions'!C9,1) -> 14 | Q68: =CEILING('1. Assumptions'!K46/'1. Assumptions'!C9,1) -> 14 | R68: =CEILING('1. Assumptions'!K46/'1. Assumptions'!C9,1) -> 14 | S68: =CEILING('1. Assumptions'!K46/'1. Assumptions'!C9,1) -> 14 | T68: =CEILING('1. Assumptions'!K46/'1. Assumptions'!C9,1) -> 14 | U68: =CEILING('1. Assumptions'!K46/'1. Assumptions'!C9,1) -> 14 | V68: =CEILING('1. Assumptions'!K46/'1. Assumptions'!C9,1) -> 14 | W68: =CEILING('1. Assumptions'!K46/'1. Assumptions'!C9,1) -> 14 | X68: =CEILING('1. Assumptions'!K46/'1. Assumptions'!C9,1) -> 14 | Y68: =CEILING('1. Assumptions'!K46/'1. Assumptions'!C9,1) -> 14 | Z68: =SUM(D68:Y68) -> 308
B69: BSH | C69: ='1. Assumptions'!K47 -> 154 | D69: =CEILING('1. Assumptions'!K47/'1. Assumptions'!C9,1) -> 7 | E69: =CEILING('1. Assumptions'!K47/'1. Assumptions'!C9,1) -> 7 | F69: =CEILING('1. Assumptions'!K47/'1. Assumptions'!C9,1) -> 7 | G69: =CEILING('1. Assumptions'!K47/'1. Assumptions'!C9,1) -> 7 | H69: =CEILING('1. Assumptions'!K47/'1. Assumptions'!C9,1) -> 7 | I69: =CEILING('1. Assumptions'!K47/'1. Assumptions'!C9,1) -> 7 | J69: =CEILING('1. Assumptions'!K47/'1. Assumptions'!C9,1) -> 7 | K69: =CEILING('1. Assumptions'!K47/'1. Assumptions'!C9,1) -> 7 | L69: =CEILING('1. Assumptions'!K47/'1. Assumptions'!C9,1) -> 7 | M69: =CEILING('1. Assumptions'!K47/'1. Assumptions'!C9,1) -> 7 | N69: =CEILING('1. Assumptions'!K47/'1. Assumptions'!C9,1) -> 7 | O69: =CEILING('1. Assumptions'!K47/'1. Assumptions'!C9,1) -> 7 | P69: =CEILING('1. Assumptions'!K47/'1. Assumptions'!C9,1) -> 7 | Q69: =CEILING('1. Assumptions'!K47/'1. Assumptions'!C9,1) -> 7 | R69: =CEILING('1. Assumptions'!K47/'1. Assumptions'!C9,1) -> 7 | S69: =CEILING('1. Assumptions'!K47/'1. Assumptions'!C9,1) -> 7 | T69: =CEILING('1. Assumptions'!K47/'1. Assumptions'!C9,1) -> 7 | U69: =CEILING('1. Assumptions'!K47/'1. Assumptions'!C9,1) -> 7 | V69: =CEILING('1. Assumptions'!K47/'1. Assumptions'!C9,1) -> 7 | W69: =CEILING('1. Assumptions'!K47/'1. Assumptions'!C9,1) -> 7 | X69: =CEILING('1. Assumptions'!K47/'1. Assumptions'!C9,1) -> 7 | Y69: =CEILING('1. Assumptions'!K47/'1. Assumptions'!C9,1) -> 7 | Z69: =SUM(D69:Y69) -> 154
B70: Arcelor Mittal | C70: ='1. Assumptions'!K48 -> 110 | D70: =CEILING('1. Assumptions'!K48/'1. Assumptions'!C9,1) -> 5 | E70: =CEILING('1. Assumptions'!K48/'1. Assumptions'!C9,1) -> 5 | F70: =CEILING('1. Assumptions'!K48/'1. Assumptions'!C9,1) -> 5 | G70: =CEILING('1. Assumptions'!K48/'1. Assumptions'!C9,1) -> 5 | H70: =CEILING('1. Assumptions'!K48/'1. Assumptions'!C9,1) -> 5 | I70: =CEILING('1. Assumptions'!K48/'1. Assumptions'!C9,1) -> 5 | J70: =CEILING('1. Assumptions'!K48/'1. Assumptions'!C9,1) -> 5 | K70: =CEILING('1. Assumptions'!K48/'1. Assumptions'!C9,1) -> 5 | L70: =CEILING('1. Assumptions'!K48/'1. Assumptions'!C9,1) -> 5 | M70: =CEILING('1. Assumptions'!K48/'1. Assumptions'!C9,1) -> 5 | N70: =CEILING('1. Assumptions'!K48/'1. Assumptions'!C9,1) -> 5 | O70: =CEILING('1. Assumptions'!K48/'1. Assumptions'!C9,1) -> 5 | P70: =CEILING('1. Assumptions'!K48/'1. Assumptions'!C9,1) -> 5 | Q70: =CEILING('1. Assumptions'!K48/'1. Assumptions'!C9,1) -> 5 | R70: =CEILING('1. Assumptions'!K48/'1. Assumptions'!C9,1) -> 5 | S70: =CEILING('1. Assumptions'!K48/'1. Assumptions'!C9,1) -> 5 | T70: =CEILING('1. Assumptions'!K48/'1. Assumptions'!C9,1) -> 5 | U70: =CEILING('1. Assumptions'!K48/'1. Assumptions'!C9,1) -> 5 | V70: =CEILING('1. Assumptions'!K48/'1. Assumptions'!C9,1) -> 5 | W70: =CEILING('1. Assumptions'!K48/'1. Assumptions'!C9,1) -> 5 | X70: =CEILING('1. Assumptions'!K48/'1. Assumptions'!C9,1) -> 5 | Y70: =CEILING('1. Assumptions'!K48/'1. Assumptions'!C9,1) -> 5 | Z70: =SUM(D70:Y70) -> 110
B71: Pure Storage | C71: ='1. Assumptions'!K49 -> 88 | D71: =CEILING('1. Assumptions'!K49/'1. Assumptions'!C9,1) -> 4 | E71: =CEILING('1. Assumptions'!K49/'1. Assumptions'!C9,1) -> 4 | F71: =CEILING('1. Assumptions'!K49/'1. Assumptions'!C9,1) -> 4 | G71: =CEILING('1. Assumptions'!K49/'1. Assumptions'!C9,1) -> 4 | H71: =CEILING('1. Assumptions'!K49/'1. Assumptions'!C9,1) -> 4 | I71: =CEILING('1. Assumptions'!K49/'1. Assumptions'!C9,1) -> 4 | J71: =CEILING('1. Assumptions'!K49/'1. Assumptions'!C9,1) -> 4 | K71: =CEILING('1. Assumptions'!K49/'1. Assumptions'!C9,1) -> 4 | L71: =CEILING('1. Assumptions'!K49/'1. Assumptions'!C9,1) -> 4 | M71: =CEILING('1. Assumptions'!K49/'1. Assumptions'!C9,1) -> 4 | N71: =CEILING('1. Assumptions'!K49/'1. Assumptions'!C9,1) -> 4 | O71: =CEILING('1. Assumptions'!K49/'1. Assumptions'!C9,1) -> 4 | P71: =CEILING('1. Assumptions'!K49/'1. Assumptions'!C9,1) -> 4 | Q71: =CEILING('1. Assumptions'!K49/'1. Assumptions'!C9,1) -> 4 | R71: =CEILING('1. Assumptions'!K49/'1. Assumptions'!C9,1) -> 4 | S71: =CEILING('1. Assumptions'!K49/'1. Assumptions'!C9,1) -> 4 | T71: =CEILING('1. Assumptions'!K49/'1. Assumptions'!C9,1) -> 4 | U71: =CEILING('1. Assumptions'!K49/'1. Assumptions'!C9,1) -> 4 | V71: =CEILING('1. Assumptions'!K49/'1. Assumptions'!C9,1) -> 4 | W71: =CEILING('1. Assumptions'!K49/'1. Assumptions'!C9,1) -> 4 | X71: =CEILING('1. Assumptions'!K49/'1. Assumptions'!C9,1) -> 4 | Y71: =CEILING('1. Assumptions'!K49/'1. Assumptions'!C9,1) -> 4 | Z71: =SUM(D71:Y71) -> 88
B72: Total Interviews Needed / Day | D72: =D51 -> 50 | E72: =E51 -> 50 | F72: =F51 -> 50 | G72: =G51 -> 50 | H72: =H51 -> 50 | I72: =I51 -> 50 | J72: =J51 -> 50 | K72: =K51 -> 50 | ... Y72: =Y51 -> 50 | Z72: =SUM(D72:Y72) -> 1100
B73: KAM Capacity / Day | D73: =$D$65*$H$65 -> 48 | E73: =$D$65*$H$65 -> 48 | F73: =$D$65*$H$65 -> 48 | G73: =$D$65*$H$65 -> 48 | H73: =$D$65*$H$65 -> 48 | I73: =$D$65*$H$65 -> 48 | J73: =$D$65*$H$65 -> 48 | K73: =$D$65*$H$65 -> 48 | ... Y73: =$D$65*$H$65 -> 48 | Z73: =SUM(D73:Y73) -> 1056
B74: Gap (+ = spare / - = shortfall) | D74: =$D$65*$H$65-D51 -> -2 | E74: =$D$65*$H$65-E51 -> -2 | F74: =$D$65*$H$65-F51 -> -2 | G74: =$D$65*$H$65-G51 -> -2 | H74: =$D$65*$H$65-H51 -> -2 | I74: =$D$65*$H$65-I51 -> -2 | J74: =$D$65*$H$65-J51 -> -2 | K74: =$D$65*$H$65-K51 -> -2 | ... Y74: =$D$65*$H$65-Y51 -> -2 | Z74: =SUM(D74:Y74) -> -44
B75: Additional KAMs Needed | D75: =IF(D74>=0,0,CEILING(ABS(D74)/$D$65,1)) -> 1 | E75: =IF(E74>=0,0,CEILING(ABS(E74)/$D$65,1)) -> 1 | F75: =IF(F74>=0,0,CEILING(ABS(F74)/$D$65,1)) -> 1 | G75: =IF(G74>=0,0,CEILING(ABS(G74)/$D$65,1)) -> 1 | H75: =IF(H74>=0,0,CEILING(ABS(H74)/$D$65,1)) -> 1 | I75: =IF(I74>=0,0,CEILING(ABS(I74)/$D$65,1)) -> 1 | J75: =IF(J74>=0,0,CEILING(ABS(J74)/$D$65,1)) -> 1 | K75: =IF(K74>=0,0,CEILING(ABS(K74)/$D$65,1)) -> 1 | ... Y75: =IF(Y74>=0,0,CEILING(ABS(Y74)/$D$65,1)) -> 1 | Z75: =MAX(D75:Y75) -> 1
B76: Status | D76: =IF(D74>=0,"OK +"&TEXT(D74,"0")&" spare","SHORT need "&TEXT(D75,"0")&" more") -> SHORT need 1 more | E76: =IF(E74>=0,"OK +"&TEXT(E74,"0")&" spare","SHORT need "&TEXT(E75,"0")&" more") -> SHORT need 1 more | F76: =IF(F74>=0,"OK +"&TEXT(F74,"0")&" spare","SHORT need "&TEXT(F75,"0")&" more") -> SHORT need 1 more | G76: =IF(G74>=0,"OK +"&TEXT(G74,"0")&" spare","SHORT need "&TEXT(G75,"0")&" more") -> SHORT need 1 more | H76: =IF(H74>=0,"OK +"&TEXT(H74,"0")&" spare","SHORT need "&TEXT(H75,"0")&" more") -> SHORT need 1 more | I76: =IF(I74>=0,"OK +"&TEXT(I74,"0")&" spare","SHORT need "&TEXT(I75,"0")&" more") -> SHORT need 1 more | J76: =IF(J74>=0,"OK +"&TEXT(J74,"0")&" spare","SHORT need "&TEXT(J75,"0")&" more") -> SHORT need 1 more | K76: =IF(K74>=0,"OK +"&TEXT(K74,"0")&" spare","SHORT need "&TEXT(K75,"0")&" more") -> SHORT need 1 more | ... Y76: =IF(Y74>=0,"OK +"&TEXT(Y74,"0")&" spare","SHORT need "&TEXT(Y75,"0")&" more") -> SHORT need 1 more | Z76: see daily
B80: RECRUITER DAILY SUBMISSION PLAN (Target: 6 subs/recruiter/day | 16 Recruiters | Total: 96 subs/day)
B81: Recruiter | C81: Primary Customer | D81: Secondary Customer | E81: Daily Subs Target | F81: Weekly (x5) | G81: Monthly (x22) | H81: Focus: Key Demands to Chase Today | I81: Focus: Key Demands to Chase Today
B82: A Arun Kumar | C82: ='1. Assumptions'!D55 -> Deloitte MB | D82: ='1. Assumptions'!E55 -> DTICI | E82: ='1. Assumptions'!C55 -> 6 | F82: =E82*5 -> 30 | G82: =E82*'1. Assumptions'!C9 -> 132 | H82: → Pull profiles matching open demands for your primary customer. Update sourcing log daily.
B83: Aishwarya | C83: ='1. Assumptions'!D56 -> Deloitte MB | D83: ='1. Assumptions'!E56 -> BSH | E83: ='1. Assumptions'!C56 -> 6 | F83: =E83*5 -> 30 | G83: =E83*'1. Assumptions'!C9 -> 132 | H83: → Pull profiles matching open demands for your primary customer. Update sourcing log daily.
B84: Akula Swathi | C84: ='1. Assumptions'!D57 -> Deloitte MB | D84: ='1. Assumptions'!E57 -> BSH | E84: ='1. Assumptions'!C57 -> 6 | F84: =E84*5 -> 30 | G84: =E84*'1. Assumptions'!C9 -> 132 | H84: → Pull profiles matching open demands for your primary customer. Update sourcing log daily.
B85: Aravindhan | C85: ='1. Assumptions'!D58 -> DTICI | D85: ='1. Assumptions'!E58 -> Deloitte MB | E85: ='1. Assumptions'!C58 -> 6 | F85: =E85*5 -> 30 | G85: =E85*'1. Assumptions'!C9 -> 132 | H85: → Pull profiles matching open demands for your primary customer. Update sourcing log daily.
B86: G Rekha | C86: ='1. Assumptions'!D59 -> DTICI | D86: ='1. Assumptions'!E59 -> Arcelor Mittal | E86: ='1. Assumptions'!C59 -> 6 | F86: =E86*5 -> 30 | G86: =E86*'1. Assumptions'!C9 -> 132 | H86: → Pull profiles matching open demands for your primary customer. Update sourcing log daily.
B87: Gopal | C87: ='1. Assumptions'!D60 -> BSH | D87: ='1. Assumptions'!E60 -> DTICI | E87: ='1. Assumptions'!C60 -> 6 | F87: =E87*5 -> 30 | G87: =E87*'1. Assumptions'!C9 -> 132 | H87: → Pull profiles matching open demands for your primary customer. Update sourcing log daily.
B88: Harish | C88: ='1. Assumptions'!D61 -> BSH | D88: ='1. Assumptions'!E61 -> Arcelor Mittal | E88: ='1. Assumptions'!C61 -> 6 | F88: =E88*5 -> 30 | G88: =E88*'1. Assumptions'!C9 -> 132 | H88: → Pull profiles matching open demands for your primary customer. Update sourcing log daily.
B89: Harshitha | C89: ='1. Assumptions'!D62 -> Arcelor Mittal | D89: ='1. Assumptions'!E62 -> BSH | E89: ='1. Assumptions'!C62 -> 6 | F89: =E89*5 -> 30 | G89: =E89*'1. Assumptions'!C9 -> 132 | H89: → Pull profiles matching open demands for your primary customer. Update sourcing log daily.
B90: Kiren | C90: ='1. Assumptions'!D63 -> Deloitte MB | D90: ='1. Assumptions'!E63 -> DTICI | E90: ='1. Assumptions'!C63 -> 6 | F90: =E90*5 -> 30 | G90: =E90*'1. Assumptions'!C9 -> 132 | H90: → Pull profiles matching open demands for your primary customer. Update sourcing log daily.
B91: Nagalakshmi | C91: ='1. Assumptions'!D64 -> Deloitte MB | D91: ='1. Assumptions'!E64 -> Arcelor Mittal | E91: ='1. Assumptions'!C64 -> 6 | F91: =E91*5 -> 30 | G91: =E91*'1. Assumptions'!C9 -> 132 | H91: → Pull profiles matching open demands for your primary customer. Update sourcing log daily.
B92: Nikita | C92: ='1. Assumptions'!D65 -> DTICI | D92: ='1. Assumptions'!E65 -> Deloitte MB | E92: ='1. Assumptions'!C65 -> 6 | F92: =E92*5 -> 30 | G92: =E92*'1. Assumptions'!C9 -> 132 | H92: → Pull profiles matching open demands for your primary customer. Update sourcing log daily.
B93: Nithya | C93: ='1. Assumptions'!D66 -> Deloitte MB | D93: ='1. Assumptions'!E66 -> DTICI | E93: ='1. Assumptions'!C66 -> 6 | F93: =E93*5 -> 30 | G93: =E93*'1. Assumptions'!C9 -> 132 | H93: → Pull profiles matching open demands for your primary customer. Update sourcing log daily.
B94: Shivani | C94: ='1. Assumptions'!D67 -> BSH | D94: ='1. Assumptions'!E67 -> Pure Storage | E94: ='1. Assumptions'!C67 -> 6 | F94: =E94*5 -> 30 | G94: =E94*'1. Assumptions'!C9 -> 132 | H94: → Pull profiles matching open demands for your primary customer. Update sourcing log daily.
B95: Sravani RA | C95: ='1. Assumptions'!D68 -> DTICI | D95: ='1. Assumptions'!E68 -> BSH | E95: ='1. Assumptions'!C68 -> 6 | F95: =E95*5 -> 30 | G95: =E95*'1. Assumptions'!C9 -> 132 | H95: → Pull profiles matching open demands for your primary customer. Update sourcing log daily.
B96: Sridhar | C96: ='1. Assumptions'!D69 -> Pure Storage | D96: ='1. Assumptions'!E69 -> DTICI | E96: ='1. Assumptions'!C69 -> 6 | F96: =E96*5 -> 30 | G96: =E96*'1. Assumptions'!C9 -> 132 | H96: → Pull profiles matching open demands for your primary customer. Update sourcing log daily.
B97: Vyasam Lalith | C97: ='1. Assumptions'!D70 -> Arcelor Mittal | D97: ='1. Assumptions'!E70 -> Pure Storage | E97: ='1. Assumptions'!C70 -> 6 | F97: =E97*5 -> 30 | G97: =E97*'1. Assumptions'!C9 -> 132 | H97: → Pull profiles matching open demands for your primary customer. Update sourcing log daily.
B98: TOTAL POD CAPACITY | E98: =SUM(E82:E97) -> 96 | F98: =SUM(F82:F97) -> 480 | G98: =SUM(G82:G97) -> 2112
B101: KAM (KEY ACCOUNT MANAGER) TARGETS — Interviews × Customers | Target: Drive 50 Interviews / Day across Pod
B102: KAM Name | C102: Deloitte MB Intv/Day | D102: DTICI Intv/Day | E102: BSH Intv/Day | F102: Arcelor Intv/Day | G102: Pure Stor Intv/Day | H102: Total Intv/Day | I102: Monthly Intv Total | J102: TAT Focus | K102: Key Action
B103: Saravanan P | C103: 4 | D103: 2 | E103: 2 | F103: 2 | G103: 1 | H103: =C103+D103+E103+F103+G103 -> 11 | I103: =H103*'1. Assumptions'!C9 -> 242 | J103: Reduce TAT → target 7-8 days | K103: BSH & Deloitte — confirm slots 24h ahead. Reduce TAT for L1 to ≤ 8 days
B104: Tamil C | C104: 4 | D104: 2 | E104: 1 | F104: 1 | G104: 1 | H104: =C104+D104+E104+F104+G104 -> 9 | I104: =H104*'1. Assumptions'!C9 -> 198 | J104: Reduce TAT → target 7-8 days | K104: DTICI & BSH — ensure L2 slots available. Feedback within 24h
B105: Smithesh Sukumar | C105: 3 | D105: 2 | E105: 2 | F105: 1 | G105: 1 | H105: =C105+D105+E105+F105+G105 -> 9 | I105: =H105*'1. Assumptions'!C9 -> 198 | J105: Reduce TAT → target 7-8 days | K105: Arcelor & Deloitte — lock slots with procurement team. Proactive follow-up
B106: Rajat Tyagi | C106: 3 | D106: 1 | E106: 1 | F106: 2 | G106: 1 | H106: =C106+D106+E106+F106+G106 -> 8 | I106: =H106*'1. Assumptions'!C9 -> 176 | J106: Reduce TAT → target 7-8 days | K106: DTICI & Arcelor — build relationship with hiring managers. Weekly call
B107: TOTAL / DAY | C107: =SUM(C103:C106) -> 14 | D107: =SUM(D103:D106) -> 7 | E107: =SUM(E103:E106) -> 6 | F107: =SUM(F103:F106) -> 6 | G107: =SUM(G103:G106) -> 4 | H107: =SUM(H103:H106) -> 37 | I107: =SUM(I103:I106) -> 814
B110: HRBP EXIT TRACKER — Exit Budget ₹5L max for June | CC + PO Closures + Resignations
B111: Customer | C111: Exit Budget ₹L | D111: Exits Week 1 | E111: Exits Week 2 | F111: Exits Week 3 | G111: Exits Week 4 | H111: Total Actual ₹L | I111: Remaining Budget ₹L | J111: Status | K111: HRBP Actions to Keep Exits Under Budget | L111: HRBP Actions to Keep Exits Under Budget
B112: Deloitte MB | C112: ='1. Assumptions'!D25 -> 1.5 | D112: 0 | E112: 0 | F112: 0 | G112: 0 | H112: =SUM(D112:G112) -> 0 | I112: =C112-H112 -> 1.5 | J112: =IF(H112>C112,"🔴 OVER BUDGET","✅ Within Budget") -> ✅ Within Budget | K112: Engage all Deloitte MB consultants — check contract end dates. Flag any at risk.
B113: DTICI | C113: ='1. Assumptions'!D26 -> 1.5 | D113: 0 | E113: 0 | F113: 0 | G113: 0 | H113: =SUM(D113:G113) -> 0 | I113: =C113-H113 -> 1.5 | J113: =IF(H113>C113,"🔴 OVER BUDGET","✅ Within Budget") -> ✅ Within Budget | K113: Review all DTICI consultants on rolling POs. Extend before expiry.
B114: BSH | C114: ='1. Assumptions'!D27 -> 1 | D114: 0 | E114: 0 | F114: 0 | G114: 0 | H114: =SUM(D114:G114) -> 0 | I114: =C114-H114 -> 1 | J114: =IF(H114>C114,"🔴 OVER BUDGET","✅ Within Budget") -> ✅ Within Budget | K114: BSH PO renewals — only 1 OB in May, no room for exits. Zero tolerance this month.
B115: Arcelor Mittal | C115: ='1. Assumptions'!D28 -> 0.5 | D115: 0 | E115: 0 | F115: 0 | G115: 0 | H115: =SUM(D115:G115) -> 0 | I115: =C115-H115 -> 0.5 | J115: =IF(H115>C115,"🔴 OVER BUDGET","✅ Within Budget") -> ✅ Within Budget | K115: Arcelor ramp is new — ensure joining formalities locked. No exits expected.
B116: Pure Storage | C116: ='1. Assumptions'!D29 -> 0.5 | D116: 0 | E116: 0 | F116: 0 | G116: 0 | H116: =SUM(D116:G116) -> 0 | I116: =C116-H116 -> 0.5 | J116: =IF(H116>C116,"🔴 OVER BUDGET","✅ Within Budget") -> ✅ Within Budget | K116: Pure Storage — no active headcount. Track PO status weekly.
B117: TOTAL | C117: =SUM(C112:C116) -> 5 | H117: =SUM(H112:H116) -> 0 | I117: =SUM(I112:I116) -> 5 | J117: =IF(H117<="5","✅ Total OK — Exit ≤ ₹5L","🔴 TOTAL OVER ₹5L BUDGET") -> ✅ Total OK — Exit ≤ ₹5L
...
